[
{
  "model": "auth.user",
  "fields": {
    "password": "pbkdf2_sha256$1000000$sPmUEFfhr1Nj2Al42AUhtw$eAplTlIQ/SZd80GSy18kd+sY7TGIdkXQ/T+sj9sLHjo=",
    "last_login": "2025-10-26T05:27:21.239Z",
    "is_superuser": true,
    "username": "admin",
    "first_name": "",
    "last_name": "",
    "email": "",
    "is_staff": true,
    "is_active": true,
    "date_joined": "2025-10-20T20:24:05.299Z",
    "groups": [],
    "user_permissions": []
  }
},
{
  "model": "auth.user",
  "fields": {
    "password": "pbkdf2_sha256$1000000$yS4qoY5JN4DymasjeMDksM$rTgAxv7MEu13/nrcVuEvzkqwXL0V5pBEurd8wtmPIO0=",
    "last_login": "2025-11-01T08:15:48.803Z",
    "is_superuser": false,
    "username": "rideouts200221@gmail.com",
    "first_name": "Triple G",
    "last_name": "Design Studio",
    "email": "rideouts200221@gmail.com",
    "is_staff": false,
    "is_active": true,
    "date_joined": "2025-10-20T20:25:02.298Z",
    "groups": [],
    "user_permissions": []
  }
},
{
  "model": "auth.user",
  "fields": {
    "password": "pbkdf2_sha256$1000000$OtMlVaiMmk8DUUfcm1xEHs$jHwpmgyLE1wJCbCP+aDec5MkbiaMq1e1GHkRZMcXFvQ=",
    "last_login": null,
    "is_superuser": false,
    "username": "triplegotp@gmail.com",
    "first_name": "Triple G",
    "last_name": "Design Studio",
    "email": "triplegotp@gmail.com",
    "is_staff": false,
    "is_active": true,
    "date_joined": "2025-10-20T20:43:20.159Z",
    "groups": [],
    "user_permissions": []
  }
},
{
  "model": "auth.user",
  "fields": {
    "password": "pbkdf2_sha256$1000000$ro8exAa3BD5ytcmyprL8Xu$C+qae0HLxE0gI9m5frAcoBmU6Y97SLqxpFujZ04xbN4=",
    "last_login": "2025-10-23T22:08:16.540Z",
    "is_superuser": false,
    "username": "sensitivity161@gmail.com",
    "first_name": "Triple G",
    "last_name": "Design Studio",
    "email": "sensitivity161@gmail.com",
    "is_staff": true,
    "is_active": true,
    "date_joined": "2025-10-20T20:45:37.711Z",
    "groups": [],
    "user_permissions": []
  }
},
{
  "model": "auth.user",
  "fields": {
    "password": "pbkdf2_sha256$1000000$xdzU93Pt6BaZzVvG3RMKyg$teOn5eu1Coh+HVr3+5VZd/SArFeuu9xj0G2eT9cUFcc=",
    "last_login": "2025-10-25T09:56:02.635Z",
    "is_superuser": false,
    "username": "rideouts199@gmail.com",
    "first_name": "ride",
    "last_name": "outs",
    "email": "rideouts199@gmail.com",
    "is_staff": false,
    "is_active": true,
    "date_joined": "2025-10-21T06:55:40.820Z",
    "groups": [],
    "user_permissions": []
  }
},
{
  "model": "auth.user",
  "fields": {
    "password": "pbkdf2_sha256$1000000$VXfIo6iV6OHW47p3l0AJPH$0NYTDq4YrK/HX0FMci7h2VFqWPe5yrBR32NdBWuVaBA=",
    "last_login": "2025-10-21T08:07:28.273Z",
    "is_superuser": false,
    "username": "roeljamesdelapena@gmail.com",
    "first_name": "roeljames",
    "last_name": "delapena",
    "email": "roeljamesdelapena@gmail.com",
    "is_staff": false,
    "is_active": true,
    "date_joined": "2025-10-21T07:44:36.937Z",
    "groups": [],
    "user_permissions": []
  }
},
{
  "model": "auth.user",
  "fields": {
    "password": "pbkdf2_sha256$1000000$AfBrHv88vdokLdPQ3EsCmk$y4dZAIKBIytLom5X1cTiCTcgKb3xXHMxnhV7mXDpqkw=",
    "last_login": "2025-10-22T09:29:17.450Z",
    "is_superuser": false,
    "username": "testuser",
    "first_name": "",
    "last_name": "",
    "email": "test@example.com",
    "is_staff": true,
    "is_active": true,
    "date_joined": "2025-10-22T09:28:30.322Z",
    "groups": [],
    "user_permissions": []
  }
},
{
  "model": "auth.user",
  "fields": {
    "password": "",
    "last_login": null,
    "is_superuser": false,
    "username": "testuser2",
    "first_name": "",
    "last_name": "",
    "email": "test2@example.com",
    "is_staff": true,
    "is_active": true,
    "date_joined": "2025-10-22T09:29:43.801Z",
    "groups": [],
    "user_permissions": []
  }
},
{
  "model": "auth.user",
  "fields": {
    "password": "pbkdf2_sha256$1000000$qnAbDkd3iCcaKW9BmTj2tw$UN6sFBYa6zyF4MI01TMF51nMMGGOLHC+V0C8zm5cvdw=",
    "last_login": "2025-10-23T04:37:32.216Z",
    "is_superuser": false,
    "username": "reyesdionchristian@gmail.com",
    "first_name": "dion",
    "last_name": "reyes",
    "email": "reyesdionchristian@gmail.com",
    "is_staff": false,
    "is_active": true,
    "date_joined": "2025-10-23T04:36:48.185Z",
    "groups": [],
    "user_permissions": []
  }
},
{
  "model": "auth.user",
  "fields": {
    "password": "pbkdf2_sha256$1000000$3vuCWuISsyrEG2Iei3d3Oq$SfoyZRi/H8fNPQZBb1mmAvcILpgZl7Nd84XLNJVjkLM=",
    "last_login": "2025-10-24T01:18:21.299Z",
    "is_superuser": false,
    "username": "janney10getubig@gmail.com",
    "first_name": "jane",
    "last_name": "rose",
    "email": "janney10getubig@gmail.com",
    "is_staff": false,
    "is_active": true,
    "date_joined": "2025-10-24T01:17:23.356Z",
    "groups": [],
    "user_permissions": []
  }
},
{
  "model": "auth.user",
  "fields": {
    "password": "pbkdf2_sha256$1000000$ENge1Dv9IGAzubcAD3w7Kr$KIRtcpzi88YgWFGcSdFLAQIRlaUh5nu2t1BGi0SgwYc=",
    "last_login": null,
    "is_superuser": false,
    "username": "demesis200223@gmail.com",
    "first_name": "ernesto ",
    "last_name": "beltran",
    "email": "demesis200223@gmail.com",
    "is_staff": false,
    "is_active": false,
    "date_joined": "2025-10-24T01:43:19.128Z",
    "groups": [],
    "user_permissions": []
  }
},
{
  "model": "auth.user",
  "fields": {
    "password": "pbkdf2_sha256$1000000$oDIVZOQnE18vPTw1aIY1AI$hr00L1fcaZtXjbloXKR9PffC5tNg2cL/Ewb/qaBHA3w=",
    "last_login": "2025-11-01T05:35:30.300Z",
    "is_superuser": false,
    "username": "melanie.albaracin45@gmail.com",
    "first_name": "ernesto",
    "last_name": "beltran",
    "email": "melanie.albaracin45@gmail.com",
    "is_staff": false,
    "is_active": true,
    "date_joined": "2025-10-24T01:46:47.423Z",
    "groups": [],
    "user_permissions": []
  }
},
{
  "model": "sessions.session",
  "pk": "04q4dgu6i9tdqqwf7sgbja7ndmahv49o",
  "fields": {
    "session_data": ".eJxVjMEOgyAQRP9lzw3Bjazgsfd-AwFZKm0DjWhi0_Tfq4kXM7d5b-YLtnKtqWTL6ztNH-jlBaxb5tEulSebAvSAcOq8G56cdxAeLt-LGEqep-TFroiDVnErgV_Xwz0djK6O21o2WjL6gKSVMihZBjJkNJH2ZFTXRdZtp1z0UYYYo3TYbkGixrU4ePj9AeOCPl8:1vAwSY:rGvxUfhJt4GRdr6ivAjy8AQvw627uMTEsc8kB9pZ_no",
    "expire_date": "2025-11-03T20:26:26.029Z"
  }
},
{
  "model": "sessions.session",
  "pk": "0nt2sijuytfcs9qtbzg41itlmx1am1zh",
  "fields": {
    "session_data": ".eJxVjMsKwjAQRf8lawnNu3Tp3m8Ik8zERiWRpAVF_HctdNPtPefcD_Odes-1eHo9c3uzaTgxD-sy-7VT8xnZxDQ7bAHincoG8AblWnmsZWk58E3hO-38UpEe5909HMzQ538NUlhMWpFwMYmEUmgYbXDCaCuc0UFFCmaUThmD0SpHA5iIIaQRJemBfX8IYD81:1vC0DL:-Mo44voe5575psDzFFHTYJBrgDWhjWh5zOzbR4E4mc8",
    "expire_date": "2025-11-06T18:39:07.419Z"
  }
},
{
  "model": "sessions.session",
  "pk": "0nz1ydorm8els5fo21o49acqgfbx9ei4",
  "fields": {
    "session_data": ".eJxVjEEOwiAQRe_C2hCgIlOX7nuGZpgZpGogKe3KeHfbpAvd_vfef6sR1yWPa5N5nFhdlVWn3y0iPaXsgB9Y7lVTLcs8Rb0r-qBND5XldTvcv4OMLW-1sWBMcr0k6QiEyANGIzY6w8FJYIRAF-4JLJLBcHbscYOd9-zBJvX5Ave1OE4:1vB6uw:kU9yk_8_Yy55qEvmKbBfCY4viAuXJWSzA5XV0zmBAxM",
    "expire_date": "2025-11-04T07:36:26.611Z"
  }
},
{
  "model": "sessions.session",
  "pk": "1jacwhrquxgk59v2zbr4xd3mrf7egi2l",
  "fields": {
    "session_data": ".eJxVjDsOwjAQBe_iGlnx36Kk5wzWrneNA8iW4qRC3B0ipYD2zcx7iQTbWtM2eEkzibOw4vS7IeQHtx3QHdqty9zbuswod0UedMhrJ35eDvfvoMKo3xq08lSsYRVyUYW0shA9BuWsV8FZNJnRRR2Mc5S9CTyBy4RYImm2k3h_AN91N_g:1vB6BJ:_Xe9yVYfr3A7CtxYEpJCU8HDOCjzEMzq1xegpK1Bw1w",
    "expire_date": "2025-11-04T06:49:17.183Z"
  }
},
{
  "model": "sessions.session",
  "pk": "28276ip47kl8q3e9ewfd7dpk2qef5fxt",
  "fields": {
    "session_data": ".eJxVjEEOwiAQRe_C2hCgIlOX7nuGZpgZpGogKe3KeHfbpAvd_vfef6sR1yWPa5N5nFhdlVWn3y0iPaXsgB9Y7lVTLcs8Rb0r-qBND5XldTvcv4OMLW-1sWBMcr0k6QiEyANGIzY6w8FJYIRAF-4JLJLBcHbscYOd9-zBJvX5Ave1OE4:1vB69K:SmqIhby0UnKjtj4FR1GbZtSx3IGUwU8PneAL_i7rOT8",
    "expire_date": "2025-11-04T06:47:14.438Z"
  }
},
{
  "model": "sessions.session",
  "pk": "2j7ppwynener2ngcohjlyqj2pijqfa48",
  "fields": {
    "session_data": ".eJxVjEEOwiAQRe8ya0MopQ506d4zkAGmFjVgSptojHe3Tbrp9r_3_hdc5VpTyY7frzR9oJcncLTMo1sqTy5F6KFBOIyewoPzRuKd8q2IUPI8JS82Rey0imuJ_Lzs7uFgpDqutdHKDlEiWq98o86dDFIObYvBdoF8lKyaqAxZxMDEK-2CMpaM1Fq1OMDvDyaaPts:1vBn4u:_g8S313iLBACHE8loZlJ9ZxivLaHHXfYr8gX8cz6Tt4",
    "expire_date": "2025-11-06T04:37:32.576Z"
  }
},
{
  "model": "sessions.session",
  "pk": "41qroacnwrykyq2okiiulm1ptslo74zl",
  "fields": {
    "session_data": ".eJxVjEEOwiAQRe_C2pChA0i7dO8ZyACjRQ2Y0iYa4921STfd_vfe_wjfuLVci-fXM09vMcBBeFrm0S-NJ5-TGEQHYjcGincuK0k3KtcqYy3zlINcFbnRJs818eO0ubuDkdr4r50ONlrQYJI5WqA-kEMKnbXEF4s9KgZA0znNmByraFAbVL1zyEEZJ74_Fd8-IA:1vC7hQ:5dA0dSZBDsWVq4vRSBZiwjSQnMSvchICRwT9MlRnHzc",
    "expire_date": "2025-11-07T02:38:40.850Z"
  }
},
{
  "model": "sessions.session",
  "pk": "4blacp0y23vfnnytfs3p2vkhcous2l4u",
  "fields": {
    "session_data": ".eJxVjEEOwiAQRe_C2hCgIlOX7nuGZpgZpGogKe3KeHfbpAvd_vfef6sR1yWPa5N5nFhdlVWn3y0iPaXsgB9Y7lVTLcs8Rb0r-qBND5XldTvcv4OMLW-1sWBMcr0k6QiEyANGIzY6w8FJYIRAF-4JLJLBcHbscYOd9-zBJvX5Ave1OE4:1vBVt3:8VyS3uvOSNq-zp_B6xNgcMSgtHC5AzI7Ocgg8KD4HXs",
    "expire_date": "2025-11-05T10:16:09.609Z"
  }
},
{
  "model": "sessions.session",
  "pk": "53ci92b3eloz6wnlfsrkhcz8uknnfn60",
  "fields": {
    "session_data": ".eJxVjMsKwjAQRf8lawnNu3Tp3m8Ik8zERiWRpAVF_HctdNPtPefcD_Odes-1eHo9c3uzaTgxD-sy-7VT8xnZxDQ7bAHincoG8AblWnmsZWk58E3hO-38UpEe5909HMzQ538NUlhMWpFwMYmEUmgYbXDCaCuc0UFFCmaUThmD0SpHA5iIIaQRJemBfX8IYD81:1vC2dv:7poIAQfgrPgExey4zpq8y-dECe6ewmo7tsRf7iNa6jI",
    "expire_date": "2025-11-06T21:14:43.260Z"
  }
},
{
  "model": "sessions.session",
  "pk": "659hlfcjdtklvs87beftwleb4jljvpii",
  "fields": {
    "session_data": ".eJxVjEEOwiAQRe_C2hCgIlOX7nuGZpgZpGogKe3KeHfbpAvd_vfef6sR1yWPa5N5nFhdlVWn3y0iPaXsgB9Y7lVTLcs8Rb0r-qBND5XldTvcv4OMLW-1sWBMcr0k6QiEyANGIzY6w8FJYIRAF-4JLJLBcHbscYOd9-zBJvX5Ave1OE4:1vC7iu:2-rR5sXUsLMRUFVf3kqVLB3MdNq1xIIIUCFcoowIydg",
    "expire_date": "2025-11-07T02:40:12.687Z"
  }
},
{
  "model": "sessions.session",
  "pk": "7klmnvsvpytpnlfpe1e652d9pb98zya2",
  "fields": {
    "session_data": ".eJxVjMsOwiAQRf-FtSEMz-rSvd9AgBksasCUNtEY_12bdNPtPefcD_Odei-teno9y_RmJ5DiaIU4MB-WefRLp8kXZCem2W6LId2prgBvoV4bT63OU4l8VfhGO780pMd5c3cHY-jjvw4SLGatCFzKkFGCDoONDoy24IyOKlE0g3TKGExWORLBJIwxDyhJC_b9AQZcQGc:1vAwm5:Z9BZFiTBUDeTXFOlllsUXBGwMicgN8OZvVvU7PXOIz8",
    "expire_date": "2025-11-03T20:46:37.079Z"
  }
},
{
  "model": "sessions.session",
  "pk": "aaqwzu9a0xjnv87bi7qz185wq07kr5ee",
  "fields": {
    "session_data": ".eJxVjMEOgyAQRP9lzw3Bjazgsfd-AwFZKm0DjWhi0_Tfq4kXM7d5b-YLtnKtqWTL6ztNH-jlBaxb5tEulSebAvSAcOq8G56cdxAeLt-LGEqep-TFroiDVnErgV_Xwz0djK6O21o2WjL6gKSVMihZBjJkNJH2ZFTXRdZtp1z0UYYYo3TYbkGixrU4ePj9AeOCPl8:1vF6m5:1jBVbHEOl9q0UDQz1MG2WnodSQDUHOJ-scnz-OEnR-k",
    "expire_date": "2025-11-15T08:15:49.435Z"
  }
},
{
  "model": "sessions.session",
  "pk": "b3ekj2pnuznzvj1m2bcivvw8yabagt0n",
  "fields": {
    "session_data": ".eJxVjEEOwiAQRe_C2hCgIlOX7nuGZpgZpGogKe3KeHfbpAvd_vfef6sR1yWPa5N5nFhdlVWn3y0iPaXsgB9Y7lVTLcs8Rb0r-qBND5XldTvcv4OMLW-1sWBMcr0k6QiEyANGIzY6w8FJYIRAF-4JLJLBcHbscYOd9-zBJvX5Ave1OE4:1vBE3t:cepf-Cd2q6wm8gkkSLn-0GNVj042ADEk4HBXp1scPZg",
    "expire_date": "2025-11-04T15:14:09.720Z"
  }
},
{
  "model": "sessions.session",
  "pk": "b3etvoefg3fzrj0se3s71nj1p4tks0nb",
  "fields": {
    "session_data": ".eJxVjMEOwiAQRP-FsyEilJYevfsNZGF3LWqgKW2iMf67bdJLM7d5b-YrfKVaU8me3mOaPqI_n4SHZR78UmnyCUUvlBGHMkB8Ut4IPiDfi4wlz1MKclPkTqu8FaTXdXcPBwPUYV0Dd2sUcDDE4LRrXUOOVctRxQYuTllG6GxrXYcYOVhDmlAbjQHYovj9AXA-QOw:1vB74T:EKZeKO-HyJxohwWZEkuytSIKzLmH3WcmAv7aLGl_wk4",
    "expire_date": "2025-11-04T07:46:17.298Z"
  }
},
{
  "model": "sessions.session",
  "pk": "b5p7s6v95774d3fqyogr5s15fdbghctt",
  "fields": {
    "session_data": ".eJxVjEEOwiAQRe_C2hCgIlOX7nuGZpgZpGogKe3KeHfbpAvd_vfef6sR1yWPa5N5nFhdlVWn3y0iPaXsgB9Y7lVTLcs8Rb0r-qBND5XldTvcv4OMLW-1sWBMcr0k6QiEyANGIzY6w8FJYIRAF-4JLJLBcHbscYOd9-zBJvX5Ave1OE4:1vAynx:WLK8C4Atnxk5-7g-d_nlWazcdNbT2w4t4lZw8eNaWhI",
    "expire_date": "2025-11-03T22:56:41.408Z"
  }
},
{
  "model": "sessions.session",
  "pk": "bz9rtc7oo89cj8arx2x87c81rvu5b8vt",
  "fields": {
    "session_data": ".eJxVjEEOwiAQRe_C2hCgIlOX7nuGZpgZpGogKe3KeHfbpAvd_vfef6sR1yWPa5N5nFhdlVWn3y0iPaXsgB9Y7lVTLcs8Rb0r-qBND5XldTvcv4OMLW-1sWBMcr0k6QiEyANGIzY6w8FJYIRAF-4JLJLBcHbscYOd9-zBJvX5Ave1OE4:1vCYDe:RYJoKJAmhsBMbixWRk7HFOEZ3XyRuWtJrUPegakXSY0",
    "expire_date": "2025-11-08T06:57:42.301Z"
  }
},
{
  "model": "sessions.session",
  "pk": "ch62h485ch9bm4ltieb00auvqcd84m69",
  "fields": {
    "session_data": ".eJxVjMEOgyAQRP9lzw3Bjazgsfd-AwFZKm0DjWhi0_Tfq4kXM7d5b-YLtnKtqWTL6ztNH-jlBaxb5tEulSebAvSAcOq8G56cdxAeLt-LGEqep-TFroiDVnErgV_Xwz0djK6O21o2WjL6gKSVMihZBjJkNJH2ZFTXRdZtp1z0UYYYo3TYbkGixrU4ePj9AeOCPl8:1vAyjj:tN7VDtaTYQJTW4QptNd6dhzwkc0o4VUBkAoTZZ_xG6E",
    "expire_date": "2025-11-03T22:52:19.633Z"
  }
},
{
  "model": "sessions.session",
  "pk": "cqg2zno27mskhs0fwnmerf3rvenud2qp",
  "fields": {
    "session_data": ".eJxVjMsOwiAQRf-FtSFQ5TFduvcbyDCMFjXQlDbRGP9dm3TT7T3n3I8IjVvLtQR-jXl6i14dRMBlHsLSeAo5iV44sdsi0oPLCtIdy61KqmWecpSrIjfa5KUmfp43d3cwYBv-tTrRMYF3TqeO2Cowlpl0MgA-XS0goe8MGR2R0aFn8tBpCyZap6x34vsDEnY_Cg:1vCb0F:ZqBMV8bIe-NDe4Q6YPaYgqZ7Y-OmI3V468X1DEYKsvY",
    "expire_date": "2025-11-08T09:56:03.047Z"
  }
},
{
  "model": "sessions.session",
  "pk": "d4qjw3ldch84b7wkzcd2taaqvbf42ip4",
  "fields": {
    "session_data": ".eJxVjMEOgyAQRP-Fc0PWjazgsfd-AwFZKm0DjWhi0_Tfq4kXM7d5b-YrbOVaU8mW13eaPqJvEAwBXIR1yzzapfJkUxC9QHHqvBuenHcQHi7fixxKnqfk5a7Ig1Z5K4Ff18M9HYyujtsaGg2MPiBppQwCQyBDRhNpT0Z1XWTddspFHyHEGMFhuwWJGtfi4MXvD-F-P5E:1vBCCq:x4cm7CKPVh2_PdjxH88LZdOkzbmtRKxwJGvCQEjAjyY",
    "expire_date": "2025-11-04T13:15:16.075Z"
  }
},
{
  "model": "sessions.session",
  "pk": "dgpy5necjtky4rgcj8ybugu7e02vz3pv",
  "fields": {
    "session_data": ".eJxVjMsKwjAQRf8lawnNu3Tp3m8Ik8zERiWRpAVF_HctdNPtPefcD_Odes-1eHo9c3uzaTgxD-sy-7VT8xnZxDQ7bAHincoG8AblWnmsZWk58E3hO-38UpEe5909HMzQ538NUlhMWpFwMYmEUmgYbXDCaCuc0UFFCmaUThmD0SpHA5iIIaQRJemBfX8IYD81:1vBjH8:BzVoTh0nQnZS60XrUyZOyq_Y8ZEClw3oeWTviBQBm2A",
    "expire_date": "2025-11-06T00:33:54.513Z"
  }
},
{
  "model": "sessions.session",
  "pk": "dqhqr7h0do6lioqr770aaxrtjk5hbpaa",
  "fields": {
    "session_data": ".eJxVjEEOwiAQRe_C2jSAOENduvcMhIHBogZMaRON8e62STfd_vfe_wrXuLVci-P3K48fcVZa9iDlQTg_T4ObG48uR3EWyordSD48uKwk3n251S7UMo2ZulXpNtq6a438vGzu7mDwbVhqjOSNTgiMGsAaDkGTlhAteSREvzAK6mS0TdoktggWjwohpd4CGfH7A0LiQGw:1vC6Rh:XXQn1cGrEyYS2gOqPmbiS16v5_NF36hCA2WA-QJ7sE8",
    "expire_date": "2025-11-07T01:18:21.892Z"
  }
},
{
  "model": "sessions.session",
  "pk": "dz6fkv5dc4alfl3pmusqyu5at94qssl3",
  "fields": {
    "session_data": ".eJxVjDsOgzAQRO_iOrLwh7VJmZ4zWLteE5NEtoShinL3gESRdKN5b-YtAm5rDltLS5hZXIXqxeW3JIzPVA7CDyz3KmMt6zKTPBR50ibHyul1O92_g4wt7-vomNVgNHgAcKyViRG9JybrbAeThT17IrAKzeStttq5mBD00CvqtPh8AfssN30:1vBV9h:tHGChwlyB4c0Fm6gOdKKs-iX2RF6NqHsERWvzmfnufs",
    "expire_date": "2025-11-05T09:29:17.687Z"
  }
},
{
  "model": "sessions.session",
  "pk": "ef7croaob039ev6p5rbkaoesok2a0k2u",
  "fields": {
    "session_data": ".eJxVjMsOwiAQRf-FtSEMz-rSvd9AgBksasCUNtEY_12bdNPtPefcD_Odei-teno9y_RmJ5DiaIU4MB-WefRLp8kXZCem2W6LId2prgBvoV4bT63OU4l8VfhGO780pMd5c3cHY-jjvw4SLGatCFzKkFGCDoONDoy24IyOKlE0g3TKGExWORLBJIwxDyhJC_b9AQZcQGc:1vBiCO:-4TY4JgZuQ7xq4VjLnUQO_pPbu_q-LUN2h49D3ojcG8",
    "expire_date": "2025-11-05T23:24:56.574Z"
  }
},
{
  "model": "sessions.session",
  "pk": "fqwxmiku0hgj807lz533axwleorrh4yy",
  "fields": {
    "session_data": ".eJxVjMsKwjAQRf8lawnNu3Tp3m8Ik8zERiWRpAVF_HctdNPtPefcD_Odes-1eHo9c3uzaTgxD-sy-7VT8xnZxDQ7bAHincoG8AblWnmsZWk58E3hO-38UpEe5909HMzQ538NUlhMWpFwMYmEUmgYbXDCaCuc0UFFCmaUThmD0SpHA5iIIaQRJemBfX8IYD81:1vBmEQ:tRLqOaFL2qa5f_PB7tqlGfBx5k3rXwVKrtqBp17GIJg",
    "expire_date": "2025-11-06T03:43:18.536Z"
  }
},
{
  "model": "sessions.session",
  "pk": "goxvw34vtizl4reqzam4tkx79oqwdi85",
  "fields": {
    "session_data": ".eJxVjMsOwiAQRf-FtSEMz-rSvd9AgBksasCUNtEY_12bdNPtPefcD_Odei-teno9y_RmJ5DiaIU4MB-WefRLp8kXZCem2W6LId2prgBvoV4bT63OU4l8VfhGO780pMd5c3cHY-jjvw4SLGatCFzKkFGCDoONDoy24IyOKlE0g3TKGExWORLBJIwxDyhJC_b9AQZcQGc:1vC2Bf:Nk4I-eR43-Ve9Ddkcub43zscUm6SW34ZiQueTFQTAM0",
    "expire_date": "2025-11-06T20:45:31.508Z"
  }
},
{
  "model": "sessions.session",
  "pk": "h0x1lj2y589kob3rsml4y1uu5hg3rhp8",
  "fields": {
    "session_data": ".eJxVjMsKwjAQRf8lawnNu3Tp3m8Ik8zERiWRpAVF_HctdNPtPefcD_Odes-1eHo9c3uzaTgxD-sy-7VT8xnZxDQ7bAHincoG8AblWnmsZWk58E3hO-38UpEe5909HMzQ538NUlhMWpFwMYmEUmgYbXDCaCuc0UFFCmaUThmD0SpHA5iIIaQRJemBfX8IYD81:1vBbDq:8zVe2c7TDIjEwfeeqNrrYhdA20Hfe71uBcyQQkIBFSM",
    "expire_date": "2025-11-05T15:57:58.765Z"
  }
},
{
  "model": "sessions.session",
  "pk": "h3zvne0vpzm4gd61dq28u4exi7bbz52l",
  "fields": {
    "session_data": ".eJxVjEEOwiAQRe_C2hCgIlOX7nuGZpgZpGogKe3KeHfbpAvd_vfef6sR1yWPa5N5nFhdlVWn3y0iPaXsgB9Y7lVTLcs8Rb0r-qBND5XldTvcv4OMLW-1sWBMcr0k6QiEyANGIzY6w8FJYIRAF-4JLJLBcHbscYOd9-zBJvX5Ave1OE4:1vB7H3:8iEi9-tWcmODust_34fWwXYRY8GUe-unHKuFHIVFAXY",
    "expire_date": "2025-11-04T07:59:17.107Z"
  }
},
{
  "model": "sessions.session",
  "pk": "he7d9bd6sh15fm4mub7kd8dlto8f5hqd",
  "fields": {
    "session_data": ".eJxVjEEOwiAQRe_C2hCgIlOX7nuGZpgZpGogKe3KeHfbpAvd_vfef6sR1yWPa5N5nFhdlVWn3y0iPaXsgB9Y7lVTLcs8Rb0r-qBND5XldTvcv4OMLW-1sWBMcr0k6QiEyANGIzY6w8FJYIRAF-4JLJLBcHbscYOd9-zBJvX5Ave1OE4:1vC0PN:h6Ai3scsaKr2YKCdtmub_w_-oFtMgm8SfLRcsnXnQW4",
    "expire_date": "2025-11-06T18:51:33.358Z"
  }
},
{
  "model": "sessions.session",
  "pk": "hol2snx2k44o4d15uiop8a6ku4gsz6h0",
  "fields": {
    "session_data": ".eJxVjMsKwjAQRf8lawnNu3Tp3m8Ik8zERiWRpAVF_HctdNPtPefcD_Odes-1eHo9c3uzaTgxD-sy-7VT8xnZxDQ7bAHincoG8AblWnmsZWk58E3hO-38UpEe5909HMzQ538NUlhMWpFwMYmEUmgYbXDCaCuc0UFFCmaUThmD0SpHA5iIIaQRJemBfX8IYD81:1vC3Tk:2uX7_ccDvGc7vje2rVfo3yRLYK_sn6wWtv0O7nugiNM",
    "expire_date": "2025-11-06T22:08:16.851Z"
  }
},
{
  "model": "sessions.session",
  "pk": "iem3qyliqcr51msq4zwhi4fmhe7avc80",
  "fields": {
    "session_data": ".eJxVjEEOwiAQRe_C2hCgIlOX7nuGZpgZpGogKe3KeHfbpAvd_vfef6sR1yWPa5N5nFhdlVWn3y0iPaXsgB9Y7lVTLcs8Rb0r-qBND5XldTvcv4OMLW-1sWBMcr0k6QiEyANGIzY6w8FJYIRAF-4JLJLBcHbscYOd9-zBJvX5Ave1OE4:1vCtHl:o9Jl1WQECB4VpC_ni8Vfr1ezrjHvgxwgax8vw-lf1-Y",
    "expire_date": "2025-11-09T05:27:21.491Z"
  }
},
{
  "model": "sessions.session",
  "pk": "jggjmahbx5939fdh5k4t9w8tlb2ks94w",
  "fields": {
    "session_data": ".eJxVjEEOwiAQRe_C2hCgIlOX7nuGZpgZpGogKe3KeHfbpAvd_vfef6sR1yWPa5N5nFhdlVWn3y0iPaXsgB9Y7lVTLcs8Rb0r-qBND5XldTvcv4OMLW-1sWBMcr0k6QiEyANGIzY6w8FJYIRAF-4JLJLBcHbscYOd9-zBJvX5Ave1OE4:1vBAB1:b37hRShhaq2Kfv7No8uS9LXQKVRL5v1xxcrYrzS-6pY",
    "expire_date": "2025-11-04T11:05:15.925Z"
  }
},
{
  "model": "sessions.session",
  "pk": "ltjpt57rrtm91nf50p6dp1a5a7y1s1ue",
  "fields": {
    "session_data": ".eJxVjMsKwjAQRf8lawnNu3Tp3m8Ik8zERiWRpAVF_HctdNPtPefcD_Odes-1eHo9c3uzaTgxD-sy-7VT8xnZxDQ7bAHincoG8AblWnmsZWk58E3hO-38UpEe5909HMzQ538NUlhMWpFwMYmEUmgYbXDCaCuc0UFFCmaUThmD0SpHA5iIIaQRJemBfX8IYD81:1vBYVG:CAojfG-OUoUfn3aV4jdAam9Tpr6QlimpjgDLr1x2ebU",
    "expire_date": "2025-11-05T13:03:46.269Z"
  }
},
{
  "model": "sessions.session",
  "pk": "mswh31y8qz4ruz1w0mfg7ax2bfsehbpb",
  "fields": {
    "session_data": ".eJxVjMsOwiAQRf-FtSEMz-rSvd9AgBksasCUNtEY_12bdNPtPefcD_Odei-teno9y_RmJ5DiaIU4MB-WefRLp8kXZCem2W6LId2prgBvoV4bT63OU4l8VfhGO780pMd5c3cHY-jjvw4SLGatCFzKkFGCDoONDoy24IyOKlE0g3TKGExWORLBJIwxDyhJC_b9AQZcQGc:1vBkVf:EGpF5Y4NbygjU_jQZkMw51eatw9asgoe66_-g0Yi0H4",
    "expire_date": "2025-11-06T01:52:59.690Z"
  }
},
{
  "model": "sessions.session",
  "pk": "mvj5n359jfoequ4npnn9u6cxq1iywb1j",
  "fields": {
    "session_data": ".eJxVjEEOwiAQRe_C2pChA0i7dO8ZyACjRQ2Y0iYa4921STfd_vfe_wjfuLVci-fXM09vMcBBeFrm0S-NJ5-TGEQHYjcGincuK0k3KtcqYy3zlINcFbnRJs818eO0ubuDkdr4r50ONlrQYJI5WqA-kEMKnbXEF4s9KgZA0znNmByraFAbVL1zyEEZJ74_Fd8-IA:1vC6uc:Oic8G0iuqgK6ii8J7CthJcOZUE2_OenuF9astmWRLbQ",
    "expire_date": "2025-11-07T01:48:14.348Z"
  }
},
{
  "model": "sessions.session",
  "pk": "n4tp2mqdbdip50fk31rdc9gjw0nf4o4d",
  "fields": {
    "session_data": ".eJxVjMsOwiAQRf-FtSEMz-rSvd9AgBksasCUNtEY_12bdNPtPefcD_Odei-teno9y_RmJ5DiaIU4MB-WefRLp8kXZCem2W6LId2prgBvoV4bT63OU4l8VfhGO780pMd5c3cHY-jjvw4SLGatCFzKkFGCDoONDoy24IyOKlE0g3TKGExWORLBJIwxDyhJC_b9AQZcQGc:1vBmFP:yM5Ob1zW-Dy_p_dpRwMmS7HVaQF8IB5DwPdwSHvCX9Q",
    "expire_date": "2025-11-06T03:44:19.047Z"
  }
},
{
  "model": "sessions.session",
  "pk": "om7bdehykhmb2ltrpbqmpqcqs1iiyec1",
  "fields": {
    "session_data": ".eJxVjMsOwiAQRf-FtSEMz-rSvd9AgBksasCUNtEY_12bdNPtPefcD_Odei-teno9y_RmJ5DiaIU4MB-WefRLp8kXZCem2W6LId2prgBvoV4bT63OU4l8VfhGO780pMd5c3cHY-jjvw4SLGatCFzKkFGCDoONDoy24IyOKlE0g3TKGExWORLBJIwxDyhJC_b9AQZcQGc:1vC3S5:e3nfvZyV2NA2oNkZwHzXo9e4L-NXV8ZArSIxcU8k0us",
    "expire_date": "2025-11-06T22:06:33.656Z"
  }
},
{
  "model": "sessions.session",
  "pk": "p3to37engvx641wo96fyefu2ehpnr9ps",
  "fields": {
    "session_data": ".eJxVjEEOwiAQRe_C2hCgIlOX7nuGZpgZpGogKe3KeHfbpAvd_vfef6sR1yWPa5N5nFhdlVWn3y0iPaXsgB9Y7lVTLcs8Rb0r-qBND5XldTvcv4OMLW-1sWBMcr0k6QiEyANGIzY6w8FJYIRAF-4JLJLBcHbscYOd9-zBJvX5Ave1OE4:1vCUG9:ju6gUfaOrYBpTLkGAQGmA9QZ9YBEiNj6vK2VgkUnrfQ",
    "expire_date": "2025-11-08T02:44:01.179Z"
  }
},
{
  "model": "sessions.session",
  "pk": "r9gpmuaex0xjt9k854eiievluopfyne5",
  "fields": {
    "session_data": ".eJxVjEEOwiAQRe_C2hCgIlOX7nuGZpgZpGogKe3KeHfbpAvd_vfef6sR1yWPa5N5nFhdlVWn3y0iPaXsgB9Y7lVTLcs8Rb0r-qBND5XldTvcv4OMLW-1sWBMcr0k6QiEyANGIzY6w8FJYIRAF-4JLJLBcHbscYOd9-zBJvX5Ave1OE4:1vC3I1:xtAqNut6h8qplh3-uiFM612KzZvjbvSVyL3-YHQ6zlU",
    "expire_date": "2025-11-06T21:56:09.293Z"
  }
},
{
  "model": "sessions.session",
  "pk": "rtgaw3gw04tvdx5l8dzv9ma6t1o59m5j",
  "fields": {
    "session_data": ".eJxVjMEOgyAQRP9lzw3Bjazgsfd-AwFZKm0DjWhi0_Tfq4kXM7d5b-YLtnKtqWTL6ztNH-jlBaxb5tEulSebAvSAcOq8G56cdxAeLt-LGEqep-TFroiDVnErgV_Xwz0djK6O21o2WjL6gKSVMihZBjJkNJH2ZFTXRdZtp1z0UYYYo3TYbkGixrU4ePj9AeOCPl8:1vCtry:fWIp3TJsb6oPc0k-u1pXxEHdCo2DliVLl7U-HHsgd8Y",
    "expire_date": "2025-11-09T06:04:46.154Z"
  }
},
{
  "model": "sessions.session",
  "pk": "s4awf53i5dn9bo750zpxu34h1qqj9cdc",
  "fields": {
    "session_data": ".eJxVjMEOgyAQRP9lzw3Bjazgsfd-AwFZKm0DjWhi0_Tfq4kXM7d5b-YLtnKtqWTL6ztNH-jlBaxb5tEulSebAvSAcOq8G56cdxAeLt-LGEqep-TFroiDVnErgV_Xwz0djK6O21o2WjL6gKSVMihZBjJkNJH2ZFTXRdZtp1z0UYYYo3TYbkGixrU4ePj9AeOCPl8:1vEfAN:uGT1AATe420L1iNP43-bZtT2fAQH2dempgfRakfeDr4",
    "expire_date": "2025-11-14T02:47:03.626Z"
  }
},
{
  "model": "sessions.session",
  "pk": "sw9mndl6h5k8hw86gjidw38mxlj4fivk",
  "fields": {
    "session_data": ".eJxVjEEOwiAQRe_C2hCgIlOX7nuGZpgZpGogKe3KeHfbpAvd_vfef6sR1yWPa5N5nFhdlVWn3y0iPaXsgB9Y7lVTLcs8Rb0r-qBND5XldTvcv4OMLW-1sWBMcr0k6QiEyANGIzY6w8FJYIRAF-4JLJLBcHbscYOd9-zBJvX5Ave1OE4:1vAwQW:xEP2uK2PCbwOyniMMrkiKz-5ybYisWlnEoyt_sz3U1c",
    "expire_date": "2025-11-03T20:24:20.080Z"
  }
},
{
  "model": "sessions.session",
  "pk": "t2sym5kj5klsjgv5i8jklargvlq3seo1",
  "fields": {
    "session_data": ".eJxVjEEOwiAQRe_C2hCgIlOX7nuGZpgZpGogKe3KeHfbpAvd_vfef6sR1yWPa5N5nFhdlVWn3y0iPaXsgB9Y7lVTLcs8Rb0r-qBND5XldTvcv4OMLW-1sWBMcr0k6QiEyANGIzY6w8FJYIRAF-4JLJLBcHbscYOd9-zBJvX5Ave1OE4:1vBvaU:7RghuTslXmtFDjfr_Yhbdy7zKHAuIZa2Bp6ZQjgsBiQ",
    "expire_date": "2025-11-06T13:42:42.450Z"
  }
},
{
  "model": "sessions.session",
  "pk": "t5tfhfy59tfvsyemle5umamazqadofnd",
  "fields": {
    "session_data": ".eJxVjEEOwiAQRe_C2hCgIlOX7nuGZpgZpGogKe3KeHfbpAvd_vfef6sR1yWPa5N5nFhdlVWn3y0iPaXsgB9Y7lVTLcs8Rb0r-qBND5XldTvcv4OMLW-1sWBMcr0k6QiEyANGIzY6w8FJYIRAF-4JLJLBcHbscYOd9-zBJvX5Ave1OE4:1vBx2j:uewB3CIeT1U69kjVhpYUrRTp76lYNPOjCgSNPsMy_nU",
    "expire_date": "2025-11-06T15:15:57.510Z"
  }
},
{
  "model": "sessions.session",
  "pk": "tanfkak315ym3d2pwq8lw8jlefosp19t",
  "fields": {
    "session_data": ".eJxVjEEOwiAQRe_C2hCgIlOX7nuGZpgZpGogKe3KeHfbpAvd_vfef6sR1yWPa5N5nFhdlVWn3y0iPaXsgB9Y7lVTLcs8Rb0r-qBND5XldTvcv4OMLW-1sWBMcr0k6QiEyANGIzY6w8FJYIRAF-4JLJLBcHbscYOd9-zBJvX5Ave1OE4:1vBfSy:wS0HhvWT-scaQRKS6tZvzYjdv5iad14_QXIpdTfgIeA",
    "expire_date": "2025-11-05T20:29:52.717Z"
  }
},
{
  "model": "sessions.session",
  "pk": "ufm0ahoy806arjcb42sdjffozdekcz59",
  "fields": {
    "session_data": ".eJxVjMsOwiAQRf-FtSEMz-rSvd9AgBksasCUNtEY_12bdNPtPefcD_Odei-teno9y_RmJ5DiaIU4MB-WefRLp8kXZCem2W6LId2prgBvoV4bT63OU4l8VfhGO780pMd5c3cHY-jjvw4SLGatCFzKkFGCDoONDoy24IyOKlE0g3TKGExWORLBJIwxDyhJC_b9AQZcQGc:1vBm7R:_-NEZM_5viIZR_yHnuWjB703_4418q9Xhl-woXp-gnY",
    "expire_date": "2025-11-06T03:36:05.079Z"
  }
},
{
  "model": "sessions.session",
  "pk": "uvw9tb9ns94tgmalvfsctlggxgfbn50t",
  "fields": {
    "session_data": ".eJxVjMsOwiAQRf-FtSEMz-rSvd9AgBksasCUNtEY_12bdNPtPefcD_Odei-teno9y_RmJ5DiaIU4MB-WefRLp8kXZCem2W6LId2prgBvoV4bT63OU4l8VfhGO780pMd5c3cHY-jjvw4SLGatCFzKkFGCDoONDoy24IyOKlE0g3TKGExWORLBJIwxDyhJC_b9AQZcQGc:1vBmOj:CFAvRIvbVE0D63fCN06JndMi3EY2B1DqAA6JlZ9M_Dg",
    "expire_date": "2025-11-06T03:53:57.685Z"
  }
},
{
  "model": "sessions.session",
  "pk": "vcintdw5ufy9pl0e5evfpjgmn3omnbm9",
  "fields": {
    "session_data": ".eJxVjMsKwjAQRf8lawnNu3Tp3m8Ik8zERiWRpAVF_HctdNPtPefcD_Odes-1eHo9c3uzaTgxD-sy-7VT8xnZxDQ7bAHincoG8AblWnmsZWk58E3hO-38UpEe5909HMzQ538NUlhMWpFwMYmEUmgYbXDCaCuc0UFFCmaUThmD0SpHA5iIIaQRJemBfX8IYD81:1vC1x1:sb7TMs-WGNpdBrpJqIDDrpRzY5B5hTO3NdNnDm2xxnU",
    "expire_date": "2025-11-06T20:30:23.113Z"
  }
},
{
  "model": "sessions.session",
  "pk": "vk1pb4og7o1pqsm58avyrtzg1yw1cao2",
  "fields": {
    "session_data": ".eJxVjEEOwiAQRe_C2pChA0i7dO8ZyACjRQ2Y0iYa4921STfd_vfe_wjfuLVci-fXM09vMcBBeFrm0S-NJ5-TGEQHYjcGincuK0k3KtcqYy3zlINcFbnRJs818eO0ubuDkdr4r50ONlrQYJI5WqA-kEMKnbXEF4s9KgZA0znNmByraFAbVL1zyEEZJ74_Fd8-IA:1vF4PB:lDJJuv5kZOSlz8Su2TC9GDTo7-imDvHPydwG-YgeKTU",
    "expire_date": "2025-11-15T05:44:01.886Z"
  }
},
{
  "model": "sessions.session",
  "pk": "vkjj0ffn952r1kg3jgdyrzc8f9sg8mmh",
  "fields": {
    "session_data": ".eJxVjEEOwiAQRe_C2hCgIlOX7nuGZpgZpGogKe3KeHfbpAvd_vfef6sR1yWPa5N5nFhdlVWn3y0iPaXsgB9Y7lVTLcs8Rb0r-qBND5XldTvcv4OMLW-1sWBMcr0k6QiEyANGIzY6w8FJYIRAF-4JLJLBcHbscYOd9-zBJvX5Ave1OE4:1vBaQm:lJkrZGJ_XHJjT5mds297wQMPIxC3yTs_z3SM2afgc9Y",
    "expire_date": "2025-11-05T15:07:16.447Z"
  }
},
{
  "model": "sessions.session",
  "pk": "wdcozpxp537v8f8mgiuewma0nxykb8dr",
  "fields": {
    "session_data": ".eJxVjMEOgyAQRP-Fc0PWjazgsfd-AwFZKm0DjWhi0_Tfq4kXM7d5b-YrbOVaU8mW13eaPqJvEAwBXIR1yzzapfJkUxC9QHHqvBuenHcQHi7fixxKnqfk5a7Ig1Z5K4Ff18M9HYyujtsaGg2MPiBppQwCQyBDRhNpT0Z1XWTddspFHyHEGMFhuwWJGtfi4MXvD-F-P5E:1vB8nO:GK1WzccjjFsj7J5hCQu1NXLmSkeDbSDO6PMZcReXliU",
    "expire_date": "2025-11-04T09:36:46.290Z"
  }
},
{
  "model": "sessions.session",
  "pk": "y5jywtpx8npw2uvzi58aaw8tyfdde4xg",
  "fields": {
    "session_data": ".eJxVjEEOwiAQRe_C2hCgIlOX7nuGZpgZpGogKe3KeHfbpAvd_vfef6sR1yWPa5N5nFhdlVWn3y0iPaXsgB9Y7lVTLcs8Rb0r-qBND5XldTvcv4OMLW-1sWBMcr0k6QiEyANGIzY6w8FJYIRAF-4JLJLBcHbscYOd9-zBJvX5Ave1OE4:1vC6jN:qwwWk8Pk9uAkC24phipx-cAtNXVr0zTE6GVRTd2gcLo",
    "expire_date": "2025-11-07T01:36:37.646Z"
  }
},
{
  "model": "sessions.session",
  "pk": "y8g06iooxzllvrn30cgg0g00t2r8jj3d",
  "fields": {
    "session_data": ".eJxVjEEOwiAQRe_C2hCgIlOX7nuGZpgZpGogKe3KeHfbpAvd_vfef6sR1yWPa5N5nFhdlVWn3y0iPaXsgB9Y7lVTLcs8Rb0r-qBND5XldTvcv4OMLW-1sWBMcr0k6QiEyANGIzY6w8FJYIRAF-4JLJLBcHbscYOd9-zBJvX5Ave1OE4:1vCPWI:xKkiJQIp8m4Jz8RRx68YKdZxAi0KbbfwG0rWwN-ExoY",
    "expire_date": "2025-11-07T21:40:22.944Z"
  }
},
{
  "model": "sessions.session",
  "pk": "z7sh36fsufz7gaatkojfouu3kyxdfu6t",
  "fields": {
    "session_data": "e30:1vAwjB:qkYmw38q9Nst0mO8pwzz7kQAL2saaZRO4daKb9dBMfk",
    "expire_date": "2025-11-03T20:43:37.217Z"
  }
},
{
  "model": "sessions.session",
  "pk": "zqsdgo2mygdrrsvzhgkv8b5a7e8gslbq",
  "fields": {
    "session_data": ".eJxVjEEOwiAQRe_C2hCGMkBduvcMZGDAVg0kpV0Z765NutDtf-_9lwi0rVPYel7CzOIsQJx-t0jpkesO-E711mRqdV3mKHdFHrTLa-P8vBzu38FEffrWKeYhFibU7BISgC5jsaoUIIfo06ANZquMz-hhNFYl65hZjxGjAgfi_QH87TfP:1vB5mj:t8smkN7-YWx6SGUdupna0p7VSVw6urEQPjpknokoi9A",
    "expire_date": "2025-11-04T06:23:53.199Z"
  }
},
{
  "model": "accounts.profile",
  "pk": 10,
  "fields": {
    "user": [
      "roeljamesdelapena@gmail.com"
    ],
    "role": "customer",
    "phone": null,
    "assigned_architect": null,
    "project_name": null,
    "project_start": null,
    "profile_pic": ""
  }
},
{
  "model": "accounts.profile",
  "pk": 24,
  "fields": {
    "user": [
      "rideouts199@gmail.com"
    ],
    "role": "customer",
    "phone": null,
    "assigned_architect": null,
    "project_name": null,
    "project_start": null,
    "profile_pic": "profile_pics/Gemini_Generated_Image_kjavjfkjavjfkjav_NPEEKYA.png"
  }
},
{
  "model": "accounts.profile",
  "pk": 25,
  "fields": {
    "user": [
      "reyesdionchristian@gmail.com"
    ],
    "role": "customer",
    "phone": null,
    "assigned_architect": null,
    "project_name": null,
    "project_start": null,
    "profile_pic": ""
  }
},
{
  "model": "accounts.profile",
  "pk": 26,
  "fields": {
    "user": [
      "janney10getubig@gmail.com"
    ],
    "role": "customer",
    "phone": null,
    "assigned_architect": null,
    "project_name": null,
    "project_start": null,
    "profile_pic": ""
  }
},
{
  "model": "accounts.onetimepassword",
  "pk": 17,
  "fields": {
    "user": [
      "demesis200223@gmail.com"
    ],
    "code": "370356",
    "created_at": "2025-10-24T01:43:20.506Z"
  }
},
{
  "model": "accounts.adminprofile",
  "pk": 1,
  "fields": {
    "user": [
      "sensitivity161@gmail.com"
    ],
    "admin_role": "staff",
    "approval_status": "approved",
    "department": null,
    "employee_id": null,
    "phone": null,
    "emergency_contact": null,
    "hire_date": null,
    "company_department": null,
    "writing_experience": null,
    "portfolio_links": null,
    "specialization": null,
    "profile_pic": "",
    "email_verified": false,
    "email_verified_at": null,
    "approved_by": [
      "admin"
    ],
    "approved_at": "2025-10-20T20:46:26.806Z",
    "last_login_ip": "127.0.0.1",
    "failed_login_attempts": 0,
    "account_locked_until": null,
    "created_at": "2025-10-20T20:45:38.611Z",
    "updated_at": "2025-10-23T22:08:16.285Z"
  }
},
{
  "model": "accounts.sitepersonnelrole",
  "pk": 1,
  "fields": {
    "name": "architect",
    "display_name": "Architect",
    "employee_id_prefix": "AR",
    "description": "Site Architect - Responsible for design oversight and technical specifications",
    "is_active": true,
    "order": 1,
    "created_at": "2025-10-26T05:30:57.107Z",
    "updated_at": "2025-10-26T05:30:57.107Z"
  }
},
{
  "model": "accounts.sitepersonnelrole",
  "pk": 2,
  "fields": {
    "name": "engineer",
    "display_name": "Engineer",
    "employee_id_prefix": "EN",
    "description": "Site Engineer - Handles technical implementation and quality control",
    "is_active": true,
    "order": 2,
    "created_at": "2025-10-26T05:30:57.306Z",
    "updated_at": "2025-10-26T05:30:57.306Z"
  }
},
{
  "model": "accounts.sitepersonnelrole",
  "pk": 3,
  "fields": {
    "name": "foreman",
    "display_name": "Foreman",
    "employee_id_prefix": "FM",
    "description": "Site Foreman - Supervises construction workers and daily operations",
    "is_active": true,
    "order": 3,
    "created_at": "2025-10-26T05:30:57.537Z",
    "updated_at": "2025-10-26T05:30:57.537Z"
  }
},
{
  "model": "accounts.sitepersonnelrole",
  "pk": 4,
  "fields": {
    "name": "supervisor",
    "display_name": "Supervisor",
    "employee_id_prefix": "SV",
    "description": "Site Supervisor - Oversees site activities and safety compliance",
    "is_active": true,
    "order": 4,
    "created_at": "2025-10-26T05:30:57.730Z",
    "updated_at": "2025-10-26T05:30:57.730Z"
  }
},
{
  "model": "accounts.sitemanagerprofile",
  "pk": 1,
  "fields": {
    "user": [
      "rideouts200221@gmail.com"
    ],
    "site_role": 1,
    "approval_status": "approved",
    "department": "Site Management",
    "employee_id": "AR-2025-0002",
    "phone": "",
    "emergency_contact": "",
    "hire_date": null,
    "company_department": null,
    "profile_pic": "profile_pics/tripleGlogozoom_mTlB9Qn.jpg",
    "email_verified": false,
    "email_verified_at": null,
    "approved_by": [
      "admin"
    ],
    "approved_at": "2025-10-20T20:26:04.308Z",
    "last_login_ip": null,
    "failed_login_attempts": 0,
    "account_locked_until": null,
    "created_at": "2025-10-20T20:25:03.036Z",
    "updated_at": "2025-10-26T05:59:32.660Z"
  }
},
{
  "model": "accounts.sitemanagerprofile",
  "pk": 2,
  "fields": {
    "user": [
      "demesis200223@gmail.com"
    ],
    "site_role": null,
    "approval_status": "approved",
    "department": "Site Management",
    "employee_id": null,
    "phone": null,
    "emergency_contact": null,
    "hire_date": null,
    "company_department": null,
    "profile_pic": "",
    "email_verified": false,
    "email_verified_at": null,
    "approved_by": [
      "sensitivity161@gmail.com"
    ],
    "approved_at": "2025-10-24T01:43:43.047Z",
    "last_login_ip": null,
    "failed_login_attempts": 0,
    "account_locked_until": null,
    "created_at": "2025-10-24T01:43:20.319Z",
    "updated_at": "2025-10-24T01:43:43.141Z"
  }
},
{
  "model": "accounts.sitemanagerprofile",
  "pk": 3,
  "fields": {
    "user": [
      "melanie.albaracin45@gmail.com"
    ],
    "site_role": 1,
    "approval_status": "approved",
    "department": "Site Management",
    "employee_id": "AR-2025-0001",
    "phone": null,
    "emergency_contact": null,
    "hire_date": null,
    "company_department": null,
    "profile_pic": "",
    "email_verified": false,
    "email_verified_at": null,
    "approved_by": [
      "sensitivity161@gmail.com"
    ],
    "approved_at": "2025-10-24T01:47:38.875Z",
    "last_login_ip": null,
    "failed_login_attempts": 0,
    "account_locked_until": null,
    "created_at": "2025-10-24T01:46:48.542Z",
    "updated_at": "2025-10-26T05:48:55.986Z"
  }
},
{
  "model": "accounts.architectgallery",
  "pk": 1,
  "fields": {
    "architect": 1,
    "image": "architect_gallery/HOUSEtriGdesign.jpg",
    "uploaded_at": "2025-10-26T06:10:01.275Z"
  }
},
{
  "model": "accounts.architectgallery",
  "pk": 2,
  "fields": {
    "architect": 1,
    "image": "architect_gallery/image1.jpg",
    "uploaded_at": "2025-10-26T06:10:01.326Z"
  }
},
{
  "model": "accounts.architectgallery",
  "pk": 3,
  "fields": {
    "architect": 1,
    "image": "architect_gallery/image2.jpeg",
    "uploaded_at": "2025-10-26T06:10:01.376Z"
  }
},
{
  "model": "accounts.architectgallery",
  "pk": 4,
  "fields": {
    "architect": 1,
    "image": "architect_gallery/image3.jpg",
    "uploaded_at": "2025-10-26T06:10:01.427Z"
  }
},
{
  "model": "accounts.architectgallery",
  "pk": 5,
  "fields": {
    "architect": 3,
    "image": "architect_gallery/850778-lenovo-legion-5-p-wallpaper-hdwallpaper-desktop-lenovo-wallpape_lHXE12b.jpg",
    "uploaded_at": "2025-11-01T05:39:22.335Z"
  }
},
{
  "model": "accounts.architectgallery",
  "pk": 6,
  "fields": {
    "architect": 3,
    "image": "architect_gallery/6660307-free-wallpaper-9i-lenovo.jpg",
    "uploaded_at": "2025-11-01T05:39:22.415Z"
  }
},
{
  "model": "accounts.architectgallery",
  "pk": 7,
  "fields": {
    "architect": 3,
    "image": "architect_gallery/HD_wallpaper__Lenovo_Legion_5.jpg",
    "uploaded_at": "2025-11-01T05:39:22.503Z"
  }
},
{
  "model": "accounts.superadminprofile",
  "pk": 1,
  "fields": {
    "user": [
      "admin"
    ],
    "title": "Super Administrator",
    "phone": null,
    "emergency_contact": null,
    "notes": null,
    "profile_pic": "",
    "last_login_ip": null,
    "created_at": "2025-10-20T20:24:06.071Z",
    "updated_at": "2025-10-20T20:24:06.071Z"
  }
},
{
  "model": "portfolio.category",
  "pk": 1,
  "fields": {
    "name": "Residential",
    "slug": "residential"
  }
},
{
  "model": "portfolio.category",
  "pk": 2,
  "fields": {
    "name": "commercial",
    "slug": "commercial"
  }
},
{
  "model": "portfolio.category",
  "pk": 3,
  "fields": {
    "name": "industrial",
    "slug": "industrial"
  }
},
{
  "model": "portfolio.category",
  "pk": 5,
  "fields": {
    "name": "Interior Design",
    "slug": "interior-design"
  }
},
{
  "model": "portfolio.project",
  "pk": 3,
  "fields": {
    "title": "4-Storey Dormitel",
    "description": "A modern 4-storey dormitory and hotel complex designed for student accommodation and short-term stays. Features contemporary architecture with efficient space utilization and modern amenities.",
    "category": 2,
    "year": 2024,
    "location": "Philippines",
    "size": "2,500 m?",
    "duration": "18 Months",
    "completion_date": "2024-12-15",
    "lead_architect": "Triple G Studio",
    "status": "completed",
    "featured": true,
    "hero_image": "",
    "video": "",
    "seo_meta_title": "",
    "seo_meta_description": "",
    "hero_image_alt": "",
    "created_at": "2025-10-23T22:35:50.369Z",
    "updated_at": "2025-10-23T22:35:50.369Z"
  }
},
{
  "model": "portfolio.project",
  "pk": 4,
  "fields": {
    "title": "A-Frame Residential Project",
    "description": "Innovative A-frame residential design combining traditional architectural elements with modern living requirements. Features sustainable materials and energy-efficient design.",
    "category": 1,
    "year": 2024,
    "location": "Philippines",
    "size": "180 m?",
    "duration": "12 Months",
    "completion_date": "2024-10-30",
    "lead_architect": "Triple G Studio",
    "status": "completed",
    "featured": true,
    "hero_image": "",
    "video": "",
    "seo_meta_title": "",
    "seo_meta_description": "",
    "hero_image_alt": "",
    "created_at": "2025-10-23T22:36:33.046Z",
    "updated_at": "2025-10-23T22:36:33.046Z"
  }
},
{
  "model": "portfolio.project",
  "pk": 5,
  "fields": {
    "title": "House 23",
    "description": "Contemporary single-family residence featuring open-plan living spaces, large windows for natural light, and seamless indoor-outdoor integration.",
    "category": 1,
    "year": 2024,
    "location": "Philippines",
    "size": "220 m?",
    "duration": "10 Months",
    "completion_date": "2024-08-20",
    "lead_architect": "Triple G Studio",
    "status": "completed",
    "featured": false,
    "hero_image": "",
    "video": "",
    "seo_meta_title": "",
    "seo_meta_description": "",
    "hero_image_alt": "",
    "created_at": "2025-10-23T22:36:33.899Z",
    "updated_at": "2025-10-23T22:36:33.899Z"
  }
},
{
  "model": "portfolio.project",
  "pk": 6,
  "fields": {
    "title": "House 27",
    "description": "Modern family home with emphasis on natural materials and sustainable design principles. Features spacious living areas and private outdoor spaces.",
    "category": 1,
    "year": 2024,
    "location": "Philippines",
    "size": "250 m?",
    "duration": "11 Months",
    "completion_date": "2024-09-15",
    "lead_architect": "Triple G Studio",
    "status": "completed",
    "featured": false,
    "hero_image": "",
    "video": "",
    "seo_meta_title": "",
    "seo_meta_description": "",
    "hero_image_alt": "",
    "created_at": "2025-10-23T22:36:35.155Z",
    "updated_at": "2025-10-23T22:36:35.155Z"
  }
},
{
  "model": "portfolio.project",
  "pk": 7,
  "fields": {
    "title": "House 33",
    "description": "Elegant residential design showcasing modern architectural elements with traditional Filipino influences. Optimized for tropical climate conditions.",
    "category": 1,
    "year": 2024,
    "location": "Philippines",
    "size": "280 m?",
    "duration": "13 Months",
    "completion_date": "2024-11-10",
    "lead_architect": "Triple G Studio",
    "status": "completed",
    "featured": true,
    "hero_image": "",
    "video": "",
    "seo_meta_title": "",
    "seo_meta_description": "",
    "hero_image_alt": "",
    "created_at": "2025-10-23T22:36:36.194Z",
    "updated_at": "2025-10-23T22:36:36.194Z"
  }
},
{
  "model": "portfolio.project",
  "pk": 8,
  "fields": {
    "title": "Interior Design and Fitout",
    "description": "Comprehensive interior design and fitout project featuring modern aesthetics, functional layouts, and premium finishes for residential and commercial spaces.",
    "category": 5,
    "year": 2024,
    "location": "Philippines",
    "size": "500 m?",
    "duration": "8 Months",
    "completion_date": "2024-07-25",
    "lead_architect": "Triple G Studio",
    "status": "completed",
    "featured": true,
    "hero_image": "",
    "video": "",
    "seo_meta_title": "",
    "seo_meta_description": "",
    "hero_image_alt": "",
    "created_at": "2025-10-23T22:36:37.337Z",
    "updated_at": "2025-10-23T22:36:37.337Z"
  }
},
{
  "model": "portfolio.project",
  "pk": 9,
  "fields": {
    "title": "Metrotowne",
    "description": "Mixed-use development project combining residential, commercial, and retail spaces in an urban setting. Features sustainable design and community-focused amenities.",
    "category": 2,
    "year": 2024,
    "location": "Philippines",
    "size": "5,000 m?",
    "duration": "24 Months",
    "completion_date": "2025-06-30",
    "lead_architect": "Triple G Studio",
    "status": "ongoing",
    "featured": true,
    "hero_image": "",
    "video": "",
    "seo_meta_title": "",
    "seo_meta_description": "",
    "hero_image_alt": "",
    "created_at": "2025-10-23T22:36:38.884Z",
    "updated_at": "2025-10-23T22:36:38.884Z"
  }
},
{
  "model": "portfolio.project",
  "pk": 10,
  "fields": {
    "title": "Pellucid Reverence",
    "description": "Architectural masterpiece emphasizing transparency, light, and spatial flow. Features innovative use of glass and steel with sustainable design elements.",
    "category": 1,
    "year": 2024,
    "location": "Philippines",
    "size": "320 m?",
    "duration": "14 Months",
    "completion_date": "2024-12-05",
    "lead_architect": "Triple G Studio",
    "status": "completed",
    "featured": true,
    "hero_image": "",
    "video": "",
    "seo_meta_title": "",
    "seo_meta_description": "",
    "hero_image_alt": "",
    "created_at": "2025-10-23T22:36:39.775Z",
    "updated_at": "2025-10-23T22:36:39.775Z"
  }
},
{
  "model": "portfolio.project",
  "pk": 11,
  "fields": {
    "title": "Project Libertad",
    "description": "Freedom-inspired architectural design promoting open spaces, natural ventilation, and connection with nature. Sustainable and eco-friendly approach.",
    "category": 1,
    "year": 2024,
    "location": "Philippines",
    "size": "290 m?",
    "duration": "12 Months",
    "completion_date": "2024-10-15",
    "lead_architect": "Triple G Studio",
    "status": "completed",
    "featured": false,
    "hero_image": "",
    "video": "",
    "seo_meta_title": "",
    "seo_meta_description": "",
    "hero_image_alt": "",
    "created_at": "2025-10-23T22:36:40.870Z",
    "updated_at": "2025-10-23T22:36:40.870Z"
  }
},
{
  "model": "portfolio.project",
  "pk": 12,
  "fields": {
    "title": "Project Purple",
    "description": "Bold and innovative residential design featuring unique color schemes and contemporary architectural elements. Emphasis on creative expression and functionality.",
    "category": 1,
    "year": 2024,
    "location": "Philippines",
    "size": "260 m?",
    "duration": "11 Months",
    "completion_date": "2024-09-30",
    "lead_architect": "Triple G Studio",
    "status": "completed",
    "featured": false,
    "hero_image": "",
    "video": "",
    "seo_meta_title": "",
    "seo_meta_description": "",
    "hero_image_alt": "",
    "created_at": "2025-10-23T22:36:42.068Z",
    "updated_at": "2025-10-23T22:36:42.068Z"
  }
},
{
  "model": "portfolio.project",
  "pk": 13,
  "fields": {
    "title": "test",
    "description": "wara",
    "category": 2,
    "year": 2020,
    "location": "toledo, philippines",
    "size": "350",
    "duration": "13",
    "completion_date": "2025-11-01",
    "lead_architect": "adjk",
    "status": "",
    "featured": false,
    "hero_image": "projects/hero/Screenshot_2025-10-31_202822.png",
    "video": "",
    "seo_meta_title": "",
    "seo_meta_description": "",
    "hero_image_alt": "",
    "created_at": "2025-11-01T05:53:56.727Z",
    "updated_at": "2025-11-01T05:53:56.937Z"
  }
},
{
  "model": "portfolio.project",
  "pk": 14,
  "fields": {
    "title": "sdfjk",
    "description": "gaga",
    "category": 2,
    "year": 2024,
    "location": "toledo, philippines",
    "size": "350",
    "duration": "14",
    "completion_date": "2025-11-07",
    "lead_architect": "asda",
    "status": "completed",
    "featured": false,
    "hero_image": "projects/hero/Screenshot_2025-06-02_192233.png",
    "video": "",
    "seo_meta_title": "",
    "seo_meta_description": "",
    "hero_image_alt": "",
    "created_at": "2025-11-01T05:54:53.201Z",
    "updated_at": "2025-11-01T05:54:53.304Z"
  }
},
{
  "model": "portfolio.projectimage",
  "pk": 2,
  "fields": {
    "project": 4,
    "image": "portfolio/projects/A-Frame Residential Project_image.jpg",
    "alt_text": "A-Frame Residential Project - Image 1",
    "order": 0
  }
},
{
  "model": "portfolio.projectimage",
  "pk": 3,
  "fields": {
    "project": 5,
    "image": "portfolio/projects/House 23_image1.jpg",
    "alt_text": "House 23 - Image 1",
    "order": 0
  }
},
{
  "model": "portfolio.projectimage",
  "pk": 4,
  "fields": {
    "project": 5,
    "image": "portfolio/projects/House 23_image2.jpg",
    "alt_text": "House 23 - Image 2",
    "order": 1
  }
},
{
  "model": "portfolio.projectimage",
  "pk": 5,
  "fields": {
    "project": 5,
    "image": "portfolio/projects/House 23_image3.jpg",
    "alt_text": "House 23 - Image 3",
    "order": 2
  }
},
{
  "model": "portfolio.projectimage",
  "pk": 6,
  "fields": {
    "project": 6,
    "image": "portfolio/projects/House 27_image1.jpg",
    "alt_text": "House 27 - Image 1",
    "order": 0
  }
},
{
  "model": "portfolio.projectimage",
  "pk": 7,
  "fields": {
    "project": 6,
    "image": "portfolio/projects/House 27_image2.jpg",
    "alt_text": "House 27 - Image 2",
    "order": 1
  }
},
{
  "model": "portfolio.projectimage",
  "pk": 8,
  "fields": {
    "project": 6,
    "image": "portfolio/projects/House 27_image3.jpg",
    "alt_text": "House 27 - Image 3",
    "order": 2
  }
},
{
  "model": "portfolio.projectimage",
  "pk": 9,
  "fields": {
    "project": 6,
    "image": "portfolio/projects/House 27_image4.jpg",
    "alt_text": "House 27 - Image 4",
    "order": 3
  }
},
{
  "model": "portfolio.projectimage",
  "pk": 10,
  "fields": {
    "project": 7,
    "image": "portfolio/projects/House 33_image1.jpg",
    "alt_text": "House 33 - Image 1",
    "order": 0
  }
},
{
  "model": "portfolio.projectimage",
  "pk": 11,
  "fields": {
    "project": 7,
    "image": "portfolio/projects/House 33_image2.jpg",
    "alt_text": "House 33 - Image 2",
    "order": 1
  }
},
{
  "model": "portfolio.projectimage",
  "pk": 12,
  "fields": {
    "project": 7,
    "image": "portfolio/projects/House 33_image3.jpg",
    "alt_text": "House 33 - Image 3",
    "order": 2
  }
},
{
  "model": "portfolio.projectimage",
  "pk": 13,
  "fields": {
    "project": 7,
    "image": "portfolio/projects/House 33_image4.jpg",
    "alt_text": "House 33 - Image 4",
    "order": 3
  }
},
{
  "model": "portfolio.projectimage",
  "pk": 14,
  "fields": {
    "project": 7,
    "image": "portfolio/projects/House 33_image5.jpg",
    "alt_text": "House 33 - Image 5",
    "order": 4
  }
},
{
  "model": "portfolio.projectimage",
  "pk": 15,
  "fields": {
    "project": 7,
    "image": "portfolio/projects/House 33_image6.jpg",
    "alt_text": "House 33 - Image 6",
    "order": 5
  }
},
{
  "model": "portfolio.projectimage",
  "pk": 16,
  "fields": {
    "project": 8,
    "image": "portfolio/projects/Interior Design and Fitout_image1.jpg",
    "alt_text": "Interior Design and Fitout - Image 1",
    "order": 0
  }
},
{
  "model": "portfolio.projectimage",
  "pk": 17,
  "fields": {
    "project": 8,
    "image": "portfolio/projects/Interior Design and Fitout_image2.jpg",
    "alt_text": "Interior Design and Fitout - Image 2",
    "order": 1
  }
},
{
  "model": "portfolio.projectimage",
  "pk": 18,
  "fields": {
    "project": 8,
    "image": "portfolio/projects/Interior Design and Fitout_image3.jpg",
    "alt_text": "Interior Design and Fitout - Image 3",
    "order": 2
  }
},
{
  "model": "portfolio.projectimage",
  "pk": 19,
  "fields": {
    "project": 8,
    "image": "portfolio/projects/Interior Design and Fitout_image4.jpg",
    "alt_text": "Interior Design and Fitout - Image 4",
    "order": 3
  }
},
{
  "model": "portfolio.projectimage",
  "pk": 20,
  "fields": {
    "project": 8,
    "image": "portfolio/projects/Interior Design and Fitout_image5.jpg",
    "alt_text": "Interior Design and Fitout - Image 5",
    "order": 4
  }
},
{
  "model": "portfolio.projectimage",
  "pk": 21,
  "fields": {
    "project": 8,
    "image": "portfolio/projects/Interior Design and Fitout_image6.jpg",
    "alt_text": "Interior Design and Fitout - Image 6",
    "order": 5
  }
},
{
  "model": "portfolio.projectimage",
  "pk": 22,
  "fields": {
    "project": 8,
    "image": "portfolio/projects/Interior Design and Fitout_image7.jpg",
    "alt_text": "Interior Design and Fitout - Image 7",
    "order": 6
  }
},
{
  "model": "portfolio.projectimage",
  "pk": 23,
  "fields": {
    "project": 9,
    "image": "portfolio/projects/Metrotowne_image.jpg",
    "alt_text": "Metrotowne - Image 1",
    "order": 0
  }
},
{
  "model": "portfolio.projectimage",
  "pk": 24,
  "fields": {
    "project": 10,
    "image": "portfolio/projects/Pellucid Reverence_image1.jpg",
    "alt_text": "Pellucid Reverence - Image 1",
    "order": 0
  }
},
{
  "model": "portfolio.projectimage",
  "pk": 25,
  "fields": {
    "project": 10,
    "image": "portfolio/projects/Pellucid Reverence_image2.jpg",
    "alt_text": "Pellucid Reverence - Image 2",
    "order": 1
  }
},
{
  "model": "portfolio.projectimage",
  "pk": 26,
  "fields": {
    "project": 10,
    "image": "portfolio/projects/Pellucid Reverence_image3.jpg",
    "alt_text": "Pellucid Reverence - Image 3",
    "order": 2
  }
},
{
  "model": "portfolio.projectimage",
  "pk": 27,
  "fields": {
    "project": 10,
    "image": "portfolio/projects/Pellucid Reverence_image4.jpg",
    "alt_text": "Pellucid Reverence - Image 4",
    "order": 3
  }
},
{
  "model": "portfolio.projectimage",
  "pk": 28,
  "fields": {
    "project": 10,
    "image": "portfolio/projects/Pellucid Reverence_image5.jpg",
    "alt_text": "Pellucid Reverence - Image 5",
    "order": 4
  }
},
{
  "model": "portfolio.projectimage",
  "pk": 29,
  "fields": {
    "project": 11,
    "image": "portfolio/projects/Project Libertad_image1.jpg",
    "alt_text": "Project Libertad - Image 1",
    "order": 0
  }
},
{
  "model": "portfolio.projectimage",
  "pk": 30,
  "fields": {
    "project": 11,
    "image": "portfolio/projects/Project Libertad_image2.jpg",
    "alt_text": "Project Libertad - Image 2",
    "order": 1
  }
},
{
  "model": "portfolio.projectimage",
  "pk": 31,
  "fields": {
    "project": 11,
    "image": "portfolio/projects/Project Libertad_image3.jpg",
    "alt_text": "Project Libertad - Image 3",
    "order": 2
  }
},
{
  "model": "portfolio.projectimage",
  "pk": 32,
  "fields": {
    "project": 11,
    "image": "portfolio/projects/Project Libertad_image4.jpg",
    "alt_text": "Project Libertad - Image 4",
    "order": 3
  }
},
{
  "model": "portfolio.projectimage",
  "pk": 33,
  "fields": {
    "project": 11,
    "image": "portfolio/projects/Project Libertad_image5.jpg",
    "alt_text": "Project Libertad - Image 5",
    "order": 4
  }
},
{
  "model": "portfolio.projectimage",
  "pk": 34,
  "fields": {
    "project": 11,
    "image": "portfolio/projects/Project Libertad_image6.jpg",
    "alt_text": "Project Libertad - Image 6",
    "order": 5
  }
},
{
  "model": "portfolio.projectimage",
  "pk": 35,
  "fields": {
    "project": 11,
    "image": "portfolio/projects/Project Libertad_image7.jpg",
    "alt_text": "Project Libertad - Image 7",
    "order": 6
  }
},
{
  "model": "portfolio.projectimage",
  "pk": 36,
  "fields": {
    "project": 12,
    "image": "portfolio/projects/Project Purple_image1.jpg",
    "alt_text": "Project Purple - Image 1",
    "order": 0
  }
},
{
  "model": "portfolio.projectimage",
  "pk": 37,
  "fields": {
    "project": 12,
    "image": "portfolio/projects/Project Purple_image2.jpg",
    "alt_text": "Project Purple - Image 2",
    "order": 1
  }
},
{
  "model": "portfolio.projectimage",
  "pk": 38,
  "fields": {
    "project": 12,
    "image": "portfolio/projects/Project Purple_image3.jpg",
    "alt_text": "Project Purple - Image 3",
    "order": 2
  }
},
{
  "model": "portfolio.projectimage",
  "pk": 39,
  "fields": {
    "project": 12,
    "image": "portfolio/projects/Project Purple_image4.jpg",
    "alt_text": "Project Purple - Image 4",
    "order": 3
  }
},
{
  "model": "portfolio.projectimage",
  "pk": 40,
  "fields": {
    "project": 12,
    "image": "portfolio/projects/Project Purple_image5.jpg",
    "alt_text": "Project Purple - Image 5",
    "order": 4
  }
},
{
  "model": "portfolio.projectimage",
  "pk": 41,
  "fields": {
    "project": 12,
    "image": "portfolio/projects/Project Purple_image6.jpg",
    "alt_text": "Project Purple - Image 6",
    "order": 5
  }
},
{
  "model": "portfolio.projectimage",
  "pk": 42,
  "fields": {
    "project": 12,
    "image": "portfolio/projects/Project Purple_image7.jpg",
    "alt_text": "Project Purple - Image 7",
    "order": 6
  }
},
{
  "model": "portfolio.projectimage",
  "pk": 43,
  "fields": {
    "project": 12,
    "image": "portfolio/projects/Project Purple_image8.jpg",
    "alt_text": "Project Purple - Image 8",
    "order": 7
  }
},
{
  "model": "portfolio.projectstat",
  "pk": 1,
  "fields": {
    "project": 4,
    "label": "Total Area",
    "value": "180 m?",
    "order": 1
  }
},
{
  "model": "portfolio.projectstat",
  "pk": 2,
  "fields": {
    "project": 4,
    "label": "Duration",
    "value": "12 Months",
    "order": 2
  }
},
{
  "model": "portfolio.projectstat",
  "pk": 3,
  "fields": {
    "project": 4,
    "label": "Status",
    "value": "Completed",
    "order": 3
  }
},
{
  "model": "portfolio.projectstat",
  "pk": 4,
  "fields": {
    "project": 5,
    "label": "Total Area",
    "value": "220 m?",
    "order": 1
  }
},
{
  "model": "portfolio.projectstat",
  "pk": 5,
  "fields": {
    "project": 5,
    "label": "Duration",
    "value": "10 Months",
    "order": 2
  }
},
{
  "model": "portfolio.projectstat",
  "pk": 6,
  "fields": {
    "project": 5,
    "label": "Status",
    "value": "Completed",
    "order": 3
  }
},
{
  "model": "portfolio.projectstat",
  "pk": 7,
  "fields": {
    "project": 6,
    "label": "Total Area",
    "value": "250 m?",
    "order": 1
  }
},
{
  "model": "portfolio.projectstat",
  "pk": 8,
  "fields": {
    "project": 6,
    "label": "Duration",
    "value": "11 Months",
    "order": 2
  }
},
{
  "model": "portfolio.projectstat",
  "pk": 9,
  "fields": {
    "project": 6,
    "label": "Status",
    "value": "Completed",
    "order": 3
  }
},
{
  "model": "portfolio.projectstat",
  "pk": 10,
  "fields": {
    "project": 7,
    "label": "Total Area",
    "value": "280 m?",
    "order": 1
  }
},
{
  "model": "portfolio.projectstat",
  "pk": 11,
  "fields": {
    "project": 7,
    "label": "Duration",
    "value": "13 Months",
    "order": 2
  }
},
{
  "model": "portfolio.projectstat",
  "pk": 12,
  "fields": {
    "project": 7,
    "label": "Status",
    "value": "Completed",
    "order": 3
  }
},
{
  "model": "portfolio.projectstat",
  "pk": 13,
  "fields": {
    "project": 8,
    "label": "Total Area",
    "value": "500 m?",
    "order": 1
  }
},
{
  "model": "portfolio.projectstat",
  "pk": 14,
  "fields": {
    "project": 8,
    "label": "Duration",
    "value": "8 Months",
    "order": 2
  }
},
{
  "model": "portfolio.projectstat",
  "pk": 15,
  "fields": {
    "project": 8,
    "label": "Status",
    "value": "Completed",
    "order": 3
  }
},
{
  "model": "portfolio.projectstat",
  "pk": 16,
  "fields": {
    "project": 9,
    "label": "Total Area",
    "value": "5,000 m?",
    "order": 1
  }
},
{
  "model": "portfolio.projectstat",
  "pk": 17,
  "fields": {
    "project": 9,
    "label": "Duration",
    "value": "24 Months",
    "order": 2
  }
},
{
  "model": "portfolio.projectstat",
  "pk": 18,
  "fields": {
    "project": 9,
    "label": "Status",
    "value": "Ongoing",
    "order": 3
  }
},
{
  "model": "portfolio.projectstat",
  "pk": 19,
  "fields": {
    "project": 10,
    "label": "Total Area",
    "value": "320 m?",
    "order": 1
  }
},
{
  "model": "portfolio.projectstat",
  "pk": 20,
  "fields": {
    "project": 10,
    "label": "Duration",
    "value": "14 Months",
    "order": 2
  }
},
{
  "model": "portfolio.projectstat",
  "pk": 21,
  "fields": {
    "project": 10,
    "label": "Status",
    "value": "Completed",
    "order": 3
  }
},
{
  "model": "portfolio.projectstat",
  "pk": 22,
  "fields": {
    "project": 11,
    "label": "Total Area",
    "value": "290 m?",
    "order": 1
  }
},
{
  "model": "portfolio.projectstat",
  "pk": 23,
  "fields": {
    "project": 11,
    "label": "Duration",
    "value": "12 Months",
    "order": 2
  }
},
{
  "model": "portfolio.projectstat",
  "pk": 24,
  "fields": {
    "project": 11,
    "label": "Status",
    "value": "Completed",
    "order": 3
  }
},
{
  "model": "portfolio.projectstat",
  "pk": 25,
  "fields": {
    "project": 12,
    "label": "Total Area",
    "value": "260 m?",
    "order": 1
  }
},
{
  "model": "portfolio.projectstat",
  "pk": 26,
  "fields": {
    "project": 12,
    "label": "Duration",
    "value": "11 Months",
    "order": 2
  }
},
{
  "model": "portfolio.projectstat",
  "pk": 27,
  "fields": {
    "project": 12,
    "label": "Status",
    "value": "Completed",
    "order": 3
  }
},
{
  "model": "portfolio.projecttimeline",
  "pk": 2,
  "fields": {
    "project": 14,
    "title": "ha",
    "date": "2025-11-07",
    "description": "hahah",
    "completed": false,
    "order": 0
  }
},
{
  "model": "site_diary.project",
  "pk": 10,
  "fields": {
    "name": "project 1",
    "description": "eqwewq",
    "client_name": "ride outs",
    "client": null,
    "project_manager": [
      "rideouts200221@gmail.com"
    ],
    "architect": null,
    "location": "378, Altura Extension, Santa Mesa, Sixth District, Manila, Capital District, Metro Manila, 1016, Philippines",
    "start_date": "2025-10-23",
    "expected_end_date": "2031-12-11",
    "actual_end_date": null,
    "budget": "20000000.00",
    "status": "planning",
    "image": "project_images/image1.jpg",
    "image_url": null,
    "approved_by": [
      "sensitivity161@gmail.com"
    ],
    "approved_at": "2025-10-22T17:01:05.424Z",
    "rejection_reason": "",
    "created_at": "2025-10-22T17:00:36.754Z",
    "updated_at": "2025-10-22T17:01:05.424Z"
  }
},
{
  "model": "site_diary.project",
  "pk": 11,
  "fields": {
    "name": "project 2",
    "description": "asdsad",
    "client_name": "roeljames delapena",
    "client": null,
    "project_manager": [
      "rideouts200221@gmail.com"
    ],
    "architect": null,
    "location": "Paco-Santa Mesa Road, 508, Santa Mesa, Sixth District, Manila, Capital District, Metro Manila, 1016, Philippines",
    "start_date": "2025-10-23",
    "expected_end_date": "2029-11-16",
    "actual_end_date": null,
    "budget": "20000000.00",
    "status": "planning",
    "image": "project_images/image1_0XrScYY.jpg",
    "image_url": null,
    "approved_by": [
      "sensitivity161@gmail.com"
    ],
    "approved_at": "2025-10-22T17:03:31.278Z",
    "rejection_reason": "",
    "created_at": "2025-10-22T17:03:20.061Z",
    "updated_at": "2025-10-22T17:03:31.279Z"
  }
},
{
  "model": "site_diary.project",
  "pk": 12,
  "fields": {
    "name": "project 3",
    "description": "asdasdas",
    "client_name": "ride outs",
    "client": null,
    "project_manager": [
      "rideouts200221@gmail.com"
    ],
    "architect": null,
    "location": "Tugbong, Kananga, 4th District, Leyte, Eastern Visayas, 6531, Philippines",
    "start_date": "2025-10-23",
    "expected_end_date": "2033-10-25",
    "actual_end_date": null,
    "budget": "20000000.00",
    "status": "planning",
    "image": "project_images/image1_nxxssdX.jpg",
    "image_url": null,
    "approved_by": [
      "sensitivity161@gmail.com"
    ],
    "approved_at": "2025-10-22T17:08:54.623Z",
    "rejection_reason": "",
    "created_at": "2025-10-22T17:08:19.050Z",
    "updated_at": "2025-10-22T17:08:54.623Z"
  }
},
{
  "model": "site_diary.project",
  "pk": 17,
  "fields": {
    "name": "roseproject",
    "description": "asd",
    "client_name": "jane rose",
    "client": null,
    "project_manager": [
      "rideouts200221@gmail.com"
    ],
    "architect": null,
    "location": "Natalio Bacalso Avenue, Poblacion, Lower Becerril, Boljoon, Cebu, Central Visayas, 6024, Philippines",
    "start_date": "2025-10-24",
    "expected_end_date": "2026-07-05",
    "actual_end_date": null,
    "budget": "20000000.00",
    "status": "planning",
    "image": "project_images/HOUSEtriGdesign_d9gmSxj.jpg",
    "image_url": null,
    "approved_by": [
      "sensitivity161@gmail.com"
    ],
    "approved_at": "2025-10-24T01:33:01.709Z",
    "rejection_reason": "",
    "created_at": "2025-10-24T01:31:19.476Z",
    "updated_at": "2025-10-26T06:31:30.317Z"
  }
},
{
  "model": "site_diary.project",
  "pk": 18,
  "fields": {
    "name": "megadome",
    "description": "haha",
    "client_name": "dion reyes",
    "client": null,
    "project_manager": [
      "melanie.albaracin45@gmail.com"
    ],
    "architect": null,
    "location": "Polytechnic University of the Philippines, Anonas Street, 508, Santa Mesa, Sixth District, Manila, Capital District, Metro Manila, 1016, Philippines",
    "start_date": "2025-11-01",
    "expected_end_date": "2026-07-23",
    "actual_end_date": null,
    "budget": "200000000.00",
    "status": "planning",
    "image": "",
    "image_url": null,
    "approved_by": [
      "sensitivity161@gmail.com"
    ],
    "approved_at": "2025-11-01T05:47:22.483Z",
    "rejection_reason": "",
    "created_at": "2025-11-01T05:44:00.845Z",
    "updated_at": "2025-11-01T05:47:22.483Z"
  }
},
{
  "model": "site_diary.diaryentry",
  "pk": 23,
  "fields": {
    "project": 12,
    "entry_date": "2025-10-22",
    "created_by": [
      "rideouts200221@gmail.com"
    ],
    "weather_condition": "cloudy",
    "temperature_high": 26,
    "temperature_low": 26,
    "humidity": 86,
    "wind_speed": "5.00",
    "work_description": "dasdasdasdas",
    "progress_percentage": "12.00",
    "milestone": 1,
    "quality_issues": "asd",
    "safety_incidents": "asdasd",
    "general_notes": "addasd",
    "photos_taken": false,
    "reviewed_by": [
      "sensitivity161@gmail.com"
    ],
    "status": "complete",
    "reviewed_date": "2025-10-23T15:37:07.340Z",
    "needs_revision": false,
    "draft": false,
    "created_at": "2025-10-22T22:33:46.165Z",
    "updated_at": "2025-10-23T15:37:07.340Z"
  }
},
{
  "model": "site_diary.diaryentry",
  "pk": 25,
  "fields": {
    "project": 12,
    "entry_date": "2025-10-23",
    "created_by": [
      "rideouts200221@gmail.com"
    ],
    "weather_condition": "cloudy",
    "temperature_high": 25,
    "temperature_low": 25,
    "humidity": 91,
    "wind_speed": "4.00",
    "work_description": "kjdsfjkdsfjkdsfjkdsfjk",
    "progress_percentage": "12.00",
    "milestone": 2,
    "quality_issues": "qdas",
    "safety_incidents": "asd",
    "general_notes": "asd",
    "photos_taken": false,
    "reviewed_by": [
      "sensitivity161@gmail.com"
    ],
    "status": "complete",
    "reviewed_date": "2025-10-23T15:36:57.988Z",
    "needs_revision": false,
    "draft": false,
    "created_at": "2025-10-23T15:21:12.031Z",
    "updated_at": "2025-10-23T15:36:57.988Z"
  }
},
{
  "model": "site_diary.diaryentry",
  "pk": 33,
  "fields": {
    "project": 11,
    "entry_date": "2025-10-23",
    "created_by": [
      "rideouts200221@gmail.com"
    ],
    "weather_condition": "cloudy",
    "temperature_high": 27,
    "temperature_low": 26,
    "humidity": 88,
    "wind_speed": "11.00",
    "work_description": "asd",
    "progress_percentage": "10.00",
    "milestone": 1,
    "quality_issues": "asdk",
    "safety_incidents": "jkasdjk",
    "general_notes": "jksad",
    "photos_taken": false,
    "reviewed_by": null,
    "status": "complete",
    "reviewed_date": null,
    "needs_revision": false,
    "draft": false,
    "created_at": "2025-10-23T21:04:18.357Z",
    "updated_at": "2025-10-23T21:04:18.357Z"
  }
},
{
  "model": "site_diary.diaryentry",
  "pk": 34,
  "fields": {
    "project": 17,
    "entry_date": "2025-10-24",
    "created_by": [
      "rideouts200221@gmail.com"
    ],
    "weather_condition": "cloudy",
    "temperature_high": 29,
    "temperature_low": 29,
    "humidity": 79,
    "wind_speed": "15.00",
    "work_description": "sdfjksdjkf",
    "progress_percentage": "10.00",
    "milestone": 1,
    "quality_issues": "wala ra",
    "safety_incidents": "tonok lansang",
    "general_notes": "adsasdas",
    "photos_taken": true,
    "reviewed_by": null,
    "status": "complete",
    "reviewed_date": null,
    "needs_revision": false,
    "draft": false,
    "created_at": "2025-10-24T01:54:16.799Z",
    "updated_at": "2025-10-24T01:54:16.799Z"
  }
},
{
  "model": "site_diary.diaryentry",
  "pk": 35,
  "fields": {
    "project": 17,
    "entry_date": "2025-10-31",
    "created_by": [
      "rideouts200221@gmail.com"
    ],
    "weather_condition": "cloudy",
    "temperature_high": 29,
    "temperature_low": 29,
    "humidity": 79,
    "wind_speed": "11.00",
    "work_description": "",
    "progress_percentage": "0.00",
    "milestone": null,
    "quality_issues": "",
    "safety_incidents": "",
    "general_notes": "",
    "photos_taken": false,
    "reviewed_by": null,
    "status": "complete",
    "reviewed_date": null,
    "needs_revision": false,
    "draft": true,
    "created_at": "2025-10-31T02:48:57.175Z",
    "updated_at": "2025-10-31T02:48:57.175Z"
  }
},
{
  "model": "site_diary.diaryentry",
  "pk": 36,
  "fields": {
    "project": 12,
    "entry_date": "2025-10-31",
    "created_by": [
      "rideouts200221@gmail.com"
    ],
    "weather_condition": "cloudy",
    "temperature_high": 30,
    "temperature_low": 30,
    "humidity": 75,
    "wind_speed": "9.00",
    "work_description": "haha",
    "progress_percentage": "0.00",
    "milestone": null,
    "quality_issues": "asd",
    "safety_incidents": "asd",
    "general_notes": "asd",
    "photos_taken": false,
    "reviewed_by": null,
    "status": "complete",
    "reviewed_date": null,
    "needs_revision": false,
    "draft": true,
    "created_at": "2025-10-31T02:50:30.415Z",
    "updated_at": "2025-10-31T02:53:38.758Z"
  }
},
{
  "model": "site_diary.diaryentry",
  "pk": 37,
  "fields": {
    "project": 17,
    "entry_date": "2025-11-01",
    "created_by": [
      "rideouts200221@gmail.com"
    ],
    "weather_condition": "cloudy",
    "temperature_high": 32,
    "temperature_low": 32,
    "humidity": 62,
    "wind_speed": "4.00",
    "work_description": "hhahahaha",
    "progress_percentage": "10.00",
    "milestone": 1,
    "quality_issues": "ah",
    "safety_incidents": "ha",
    "general_notes": "ha",
    "photos_taken": false,
    "reviewed_by": null,
    "status": "complete",
    "reviewed_date": null,
    "needs_revision": false,
    "draft": false,
    "created_at": "2025-11-01T08:56:19.885Z",
    "updated_at": "2025-11-01T08:56:19.885Z"
  }
},
{
  "model": "site_diary.laborentry",
  "pk": 32,
  "fields": {
    "diary_entry": 23,
    "labor_type": "overtime",
    "trade_description": "12 skilled-labor personnel",
    "workers_count": 12,
    "hours_worked": "1.00",
    "hourly_rate": "123.00",
    "overtime_hours": "1.00",
    "work_area": "",
    "notes": ""
  }
},
{
  "model": "site_diary.laborentry",
  "pk": 33,
  "fields": {
    "diary_entry": 23,
    "labor_type": "overtime",
    "trade_description": "2 unskilled-labor personnel",
    "workers_count": 2,
    "hours_worked": "12.00",
    "hourly_rate": "312.00",
    "overtime_hours": "12.00",
    "work_area": "",
    "notes": ""
  }
},
{
  "model": "site_diary.laborentry",
  "pk": 34,
  "fields": {
    "diary_entry": 23,
    "labor_type": "supervisor",
    "trade_description": "Supervisor",
    "workers_count": 6,
    "hours_worked": "8.00",
    "hourly_rate": "800.00",
    "overtime_hours": "0.00",
    "work_area": "",
    "notes": ""
  }
},
{
  "model": "site_diary.laborentry",
  "pk": 35,
  "fields": {
    "diary_entry": 23,
    "labor_type": "skilled-labor",
    "trade_description": "Skilled Labor",
    "workers_count": 10,
    "hours_worked": "8.00",
    "hourly_rate": "600.00",
    "overtime_hours": "0.00",
    "work_area": "",
    "notes": ""
  }
},
{
  "model": "site_diary.laborentry",
  "pk": 36,
  "fields": {
    "diary_entry": 23,
    "labor_type": "unskilled-labor",
    "trade_description": "Unskilled Labor",
    "workers_count": 7,
    "hours_worked": "8.00",
    "hourly_rate": "400.00",
    "overtime_hours": "0.00",
    "work_area": "",
    "notes": ""
  }
},
{
  "model": "site_diary.laborentry",
  "pk": 37,
  "fields": {
    "diary_entry": 25,
    "labor_type": "overtime",
    "trade_description": "1 supervisor personnel",
    "workers_count": 1,
    "hours_worked": "5.00",
    "hourly_rate": "10.00",
    "overtime_hours": "5.00",
    "work_area": "",
    "notes": ""
  }
},
{
  "model": "site_diary.laborentry",
  "pk": 38,
  "fields": {
    "diary_entry": 25,
    "labor_type": "supervisor",
    "trade_description": "Supervisor",
    "workers_count": 2,
    "hours_worked": "8.00",
    "hourly_rate": "800.00",
    "overtime_hours": "0.00",
    "work_area": "",
    "notes": ""
  }
},
{
  "model": "site_diary.laborentry",
  "pk": 39,
  "fields": {
    "diary_entry": 25,
    "labor_type": "skilled-labor",
    "trade_description": "Skilled Labor",
    "workers_count": 2,
    "hours_worked": "8.00",
    "hourly_rate": "600.00",
    "overtime_hours": "0.00",
    "work_area": "",
    "notes": ""
  }
},
{
  "model": "site_diary.laborentry",
  "pk": 40,
  "fields": {
    "diary_entry": 25,
    "labor_type": "unskilled-labor",
    "trade_description": "Unskilled Labor",
    "workers_count": 2,
    "hours_worked": "8.00",
    "hourly_rate": "400.00",
    "overtime_hours": "0.00",
    "work_area": "",
    "notes": ""
  }
},
{
  "model": "site_diary.laborentry",
  "pk": 77,
  "fields": {
    "diary_entry": 33,
    "labor_type": "overtime",
    "trade_description": "2 supervisor personnel",
    "workers_count": 2,
    "hours_worked": "10.00",
    "hourly_rate": "10.00",
    "overtime_hours": "10.00",
    "work_area": "",
    "notes": ""
  }
},
{
  "model": "site_diary.laborentry",
  "pk": 78,
  "fields": {
    "diary_entry": 33,
    "labor_type": "supervisor",
    "trade_description": "Supervisor",
    "workers_count": 2,
    "hours_worked": "8.00",
    "hourly_rate": "800.00",
    "overtime_hours": "0.00",
    "work_area": "",
    "notes": ""
  }
},
{
  "model": "site_diary.laborentry",
  "pk": 79,
  "fields": {
    "diary_entry": 33,
    "labor_type": "skilled-labor",
    "trade_description": "Skilled Labor",
    "workers_count": 2,
    "hours_worked": "8.00",
    "hourly_rate": "600.00",
    "overtime_hours": "0.00",
    "work_area": "",
    "notes": ""
  }
},
{
  "model": "site_diary.laborentry",
  "pk": 80,
  "fields": {
    "diary_entry": 33,
    "labor_type": "unskilled-labor",
    "trade_description": "Unskilled Labor",
    "workers_count": 2,
    "hours_worked": "8.00",
    "hourly_rate": "400.00",
    "overtime_hours": "0.00",
    "work_area": "",
    "notes": ""
  }
},
{
  "model": "site_diary.laborentry",
  "pk": 81,
  "fields": {
    "diary_entry": 34,
    "labor_type": "overtime",
    "trade_description": "2 supervisor personnel",
    "workers_count": 2,
    "hours_worked": "2.00",
    "hourly_rate": "10.00",
    "overtime_hours": "2.00",
    "work_area": "",
    "notes": ""
  }
},
{
  "model": "site_diary.laborentry",
  "pk": 82,
  "fields": {
    "diary_entry": 34,
    "labor_type": "overtime",
    "trade_description": "1 skilled-labor personnel",
    "workers_count": 1,
    "hours_worked": "1.00",
    "hourly_rate": "10.00",
    "overtime_hours": "1.00",
    "work_area": "",
    "notes": ""
  }
},
{
  "model": "site_diary.laborentry",
  "pk": 83,
  "fields": {
    "diary_entry": 34,
    "labor_type": "supervisor",
    "trade_description": "Supervisor",
    "workers_count": 2,
    "hours_worked": "8.00",
    "hourly_rate": "800.00",
    "overtime_hours": "0.00",
    "work_area": "",
    "notes": ""
  }
},
{
  "model": "site_diary.laborentry",
  "pk": 84,
  "fields": {
    "diary_entry": 34,
    "labor_type": "skilled-labor",
    "trade_description": "Skilled Labor",
    "workers_count": 2,
    "hours_worked": "8.00",
    "hourly_rate": "600.00",
    "overtime_hours": "0.00",
    "work_area": "",
    "notes": ""
  }
},
{
  "model": "site_diary.laborentry",
  "pk": 85,
  "fields": {
    "diary_entry": 34,
    "labor_type": "unskilled-labor",
    "trade_description": "Unskilled Labor",
    "workers_count": 2,
    "hours_worked": "8.00",
    "hourly_rate": "400.00",
    "overtime_hours": "0.00",
    "work_area": "",
    "notes": ""
  }
},
{
  "model": "site_diary.laborentry",
  "pk": 86,
  "fields": {
    "diary_entry": 36,
    "labor_type": "supervisor",
    "trade_description": "Supervisor",
    "workers_count": 5,
    "hours_worked": "8.00",
    "hourly_rate": "22.00",
    "overtime_hours": "0.00",
    "work_area": "",
    "notes": ""
  }
},
{
  "model": "site_diary.laborentry",
  "pk": 87,
  "fields": {
    "diary_entry": 36,
    "labor_type": "skilled-labor",
    "trade_description": "Skilled Labor",
    "workers_count": 3,
    "hours_worked": "8.00",
    "hourly_rate": "600.00",
    "overtime_hours": "0.00",
    "work_area": "",
    "notes": ""
  }
},
{
  "model": "site_diary.laborentry",
  "pk": 88,
  "fields": {
    "diary_entry": 36,
    "labor_type": "unskilled-labor",
    "trade_description": "Unskilled Labor",
    "workers_count": 5,
    "hours_worked": "8.00",
    "hourly_rate": "400.00",
    "overtime_hours": "0.00",
    "work_area": "",
    "notes": ""
  }
},
{
  "model": "site_diary.laborentry",
  "pk": 89,
  "fields": {
    "diary_entry": 36,
    "labor_type": "overtime",
    "trade_description": "9 supervisor personnel",
    "workers_count": 9,
    "hours_worked": "1.00",
    "hourly_rate": "20.00",
    "overtime_hours": "1.00",
    "work_area": "",
    "notes": ""
  }
},
{
  "model": "site_diary.laborentry",
  "pk": 90,
  "fields": {
    "diary_entry": 37,
    "labor_type": "overtime",
    "trade_description": "1 supervisor personnel",
    "workers_count": 1,
    "hours_worked": "2.00",
    "hourly_rate": "10.00",
    "overtime_hours": "2.00",
    "work_area": "",
    "notes": ""
  }
},
{
  "model": "site_diary.laborentry",
  "pk": 91,
  "fields": {
    "diary_entry": 37,
    "labor_type": "supervisor",
    "trade_description": "Supervisor",
    "workers_count": 1,
    "hours_worked": "8.00",
    "hourly_rate": "800.00",
    "overtime_hours": "0.00",
    "work_area": "",
    "notes": ""
  }
},
{
  "model": "site_diary.laborentry",
  "pk": 92,
  "fields": {
    "diary_entry": 37,
    "labor_type": "skilled-labor",
    "trade_description": "Skilled Labor",
    "workers_count": 1,
    "hours_worked": "8.00",
    "hourly_rate": "600.00",
    "overtime_hours": "0.00",
    "work_area": "",
    "notes": ""
  }
},
{
  "model": "site_diary.laborentry",
  "pk": 93,
  "fields": {
    "diary_entry": 37,
    "labor_type": "unskilled-labor",
    "trade_description": "Unskilled Labor",
    "workers_count": 1,
    "hours_worked": "8.00",
    "hourly_rate": "400.00",
    "overtime_hours": "0.00",
    "work_area": "",
    "notes": ""
  }
},
{
  "model": "site_diary.materialentry",
  "pk": 6,
  "fields": {
    "diary_entry": 23,
    "material_name": "qweqwe",
    "quantity_delivered": "2.00",
    "quantity_used": "0.00",
    "unit": "kg",
    "unit_cost": "61.50",
    "supplier": "qweqweqweq",
    "delivery_time": "06:32:00",
    "quality_check": true,
    "storage_location": "",
    "notes": ""
  }
},
{
  "model": "site_diary.materialentry",
  "pk": 7,
  "fields": {
    "diary_entry": 25,
    "material_name": "qweqwe",
    "quantity_delivered": "2.00",
    "quantity_used": "0.00",
    "unit": "kg",
    "unit_cost": "500.00",
    "supplier": "asdasd",
    "delivery_time": "23:19:00",
    "quality_check": true,
    "storage_location": "",
    "notes": ""
  }
},
{
  "model": "site_diary.materialentry",
  "pk": 9,
  "fields": {
    "diary_entry": 33,
    "material_name": "asd",
    "quantity_delivered": "10.00",
    "quantity_used": "0.00",
    "unit": "kg",
    "unit_cost": "1.00",
    "supplier": "asd",
    "delivery_time": "05:03:00",
    "quality_check": true,
    "storage_location": "",
    "notes": ""
  }
},
{
  "model": "site_diary.materialentry",
  "pk": 10,
  "fields": {
    "diary_entry": 34,
    "material_name": "sement",
    "quantity_delivered": "2.00",
    "quantity_used": "0.00",
    "unit": "bags",
    "unit_cost": "5.00",
    "supplier": "janlie",
    "delivery_time": "09:50:00",
    "quality_check": true,
    "storage_location": "",
    "notes": ""
  }
},
{
  "model": "site_diary.materialentry",
  "pk": 11,
  "fields": {
    "diary_entry": 36,
    "material_name": "qweqwe",
    "quantity_delivered": "2.00",
    "quantity_used": "0.00",
    "unit": "kg",
    "unit_cost": "5.00",
    "supplier": "wara",
    "delivery_time": "10:52:00",
    "quality_check": true,
    "storage_location": "",
    "notes": ""
  }
},
{
  "model": "site_diary.materialentry",
  "pk": 12,
  "fields": {
    "diary_entry": 37,
    "material_name": "qweqwe",
    "quantity_delivered": "2.00",
    "quantity_used": "0.00",
    "unit": "kg",
    "unit_cost": "5.00",
    "supplier": "qweqweqweq",
    "delivery_time": "16:55:00",
    "quality_check": true,
    "storage_location": "",
    "notes": ""
  }
},
{
  "model": "site_diary.equipmententry",
  "pk": 4,
  "fields": {
    "diary_entry": 23,
    "equipment_name": "hammer",
    "equipment_type": "hammer",
    "operator_name": "asd",
    "hours_operated": "1.00",
    "fuel_consumption": "23.00",
    "status": "operational",
    "maintenance_notes": "",
    "breakdown_description": "",
    "rental_cost_per_hour": "123123.00",
    "work_area": ""
  }
},
{
  "model": "site_diary.equipmententry",
  "pk": 5,
  "fields": {
    "diary_entry": 25,
    "equipment_name": "drill",
    "equipment_type": "drill",
    "operator_name": "kim",
    "hours_operated": "1.00",
    "fuel_consumption": "0.00",
    "status": "operational",
    "maintenance_notes": "",
    "breakdown_description": "",
    "rental_cost_per_hour": "100.00",
    "work_area": ""
  }
},
{
  "model": "site_diary.equipmententry",
  "pk": 7,
  "fields": {
    "diary_entry": 33,
    "equipment_name": "asd",
    "equipment_type": "asd",
    "operator_name": "asd",
    "hours_operated": "10.00",
    "fuel_consumption": "5.00",
    "status": "operational",
    "maintenance_notes": "",
    "breakdown_description": "",
    "rental_cost_per_hour": "1.00",
    "work_area": ""
  }
},
{
  "model": "site_diary.equipmententry",
  "pk": 8,
  "fields": {
    "diary_entry": 34,
    "equipment_name": "drill",
    "equipment_type": "drill",
    "operator_name": "roel",
    "hours_operated": "1.00",
    "fuel_consumption": "0.00",
    "status": "operational",
    "maintenance_notes": "",
    "breakdown_description": "",
    "rental_cost_per_hour": "10.00",
    "work_area": ""
  }
},
{
  "model": "site_diary.equipmententry",
  "pk": 9,
  "fields": {
    "diary_entry": 36,
    "equipment_name": "hammer",
    "equipment_type": "hammer",
    "operator_name": "ernesto",
    "hours_operated": "10.00",
    "fuel_consumption": "5.00",
    "status": "operational",
    "maintenance_notes": "",
    "breakdown_description": "",
    "rental_cost_per_hour": "1.00",
    "work_area": ""
  }
},
{
  "model": "site_diary.equipmententry",
  "pk": 10,
  "fields": {
    "diary_entry": 37,
    "equipment_name": "haha",
    "equipment_type": "haha",
    "operator_name": "haha",
    "hours_operated": "10.00",
    "fuel_consumption": "4.00",
    "status": "operational",
    "maintenance_notes": "",
    "breakdown_description": "",
    "rental_cost_per_hour": "1.00",
    "work_area": ""
  }
},
{
  "model": "site_diary.delayentry",
  "pk": 3,
  "fields": {
    "diary_entry": 23,
    "category": "weather",
    "description": "sadasdasd",
    "start_time": "06:33:00",
    "end_time": "18:33:00",
    "duration_hours": "12.00",
    "impact_level": "minor",
    "affected_activities": "General work activities",
    "mitigation_actions": "asdasdada",
    "responsible_party": "",
    "cost_impact": null
  }
},
{
  "model": "site_diary.delayentry",
  "pk": 4,
  "fields": {
    "diary_entry": 25,
    "category": "weather",
    "description": "asd",
    "start_time": "11:20:00",
    "end_time": "23:20:00",
    "duration_hours": "12.00",
    "impact_level": "minor",
    "affected_activities": "General work activities",
    "mitigation_actions": "asd",
    "responsible_party": "",
    "cost_impact": null
  }
},
{
  "model": "site_diary.delayentry",
  "pk": 5,
  "fields": {
    "diary_entry": 33,
    "category": "weather",
    "description": "asd",
    "start_time": "05:03:00",
    "end_time": "17:03:00",
    "duration_hours": "12.00",
    "impact_level": "minor",
    "affected_activities": "General work activities",
    "mitigation_actions": "asd",
    "responsible_party": "",
    "cost_impact": null
  }
},
{
  "model": "site_diary.delayentry",
  "pk": 6,
  "fields": {
    "diary_entry": 34,
    "category": "weather",
    "description": "asdas",
    "start_time": "09:52:00",
    "end_time": "23:52:00",
    "duration_hours": "14.00",
    "impact_level": "moderate",
    "affected_activities": "General work activities",
    "mitigation_actions": "jwjwjwj",
    "responsible_party": "",
    "cost_impact": null
  }
},
{
  "model": "site_diary.delayentry",
  "pk": 7,
  "fields": {
    "diary_entry": 36,
    "category": "weather",
    "description": "delay",
    "start_time": "10:53:00",
    "end_time": "22:53:00",
    "duration_hours": "12.00",
    "impact_level": "minor",
    "affected_activities": "General work activities",
    "mitigation_actions": "asdj",
    "responsible_party": "",
    "cost_impact": null
  }
},
{
  "model": "site_diary.delayentry",
  "pk": 8,
  "fields": {
    "diary_entry": 37,
    "category": "weather",
    "description": "haha",
    "start_time": "04:55:00",
    "end_time": "16:55:00",
    "duration_hours": "12.00",
    "impact_level": "minor",
    "affected_activities": "General work activities",
    "mitigation_actions": "ahaha",
    "responsible_party": "",
    "cost_impact": null
  }
},
{
  "model": "site_diary.milestone",
  "pk": 1,
  "fields": {
    "name": "Planning & Design",
    "description": "Initial project planning, design development, and permit acquisition",
    "order": 1,
    "is_active": true,
    "created_at": "2025-10-21T11:24:38.747Z",
    "updated_at": "2025-10-21T11:24:38.747Z"
  }
},
{
  "model": "site_diary.milestone",
  "pk": 2,
  "fields": {
    "name": "Site Preparation",
    "description": "Site clearing, excavation, and preparation work",
    "order": 2,
    "is_active": true,
    "created_at": "2025-10-21T11:24:39.389Z",
    "updated_at": "2025-10-21T11:24:39.389Z"
  }
},
{
  "model": "site_diary.milestone",
  "pk": 3,
  "fields": {
    "name": "Foundation Work",
    "description": "Foundation excavation, reinforcement, and concrete pouring",
    "order": 3,
    "is_active": true,
    "created_at": "2025-10-21T11:24:39.727Z",
    "updated_at": "2025-10-21T11:24:39.727Z"
  }
},
{
  "model": "site_diary.milestone",
  "pk": 4,
  "fields": {
    "name": "Structural Framework",
    "description": "Structural steel/concrete work, columns, beams, and slabs",
    "order": 4,
    "is_active": true,
    "created_at": "2025-10-21T11:24:40.356Z",
    "updated_at": "2025-10-21T11:24:40.356Z"
  }
},
{
  "model": "site_diary.milestone",
  "pk": 5,
  "fields": {
    "name": "Roofing & Envelope",
    "description": "Roof installation and building envelope completion",
    "order": 5,
    "is_active": true,
    "created_at": "2025-10-21T11:24:40.983Z",
    "updated_at": "2025-10-21T11:24:40.983Z"
  }
},
{
  "model": "site_diary.milestone",
  "pk": 6,
  "fields": {
    "name": "MEP Installation",
    "description": "Mechanical, Electrical, and Plumbing systems installation",
    "order": 6,
    "is_active": true,
    "created_at": "2025-10-21T11:24:41.610Z",
    "updated_at": "2025-10-21T11:24:41.610Z"
  }
},
{
  "model": "site_diary.milestone",
  "pk": 7,
  "fields": {
    "name": "Interior Finishing",
    "description": "Interior walls, flooring, painting, and fixtures",
    "order": 7,
    "is_active": true,
    "created_at": "2025-10-21T11:24:42.531Z",
    "updated_at": "2025-10-21T11:24:42.531Z"
  }
},
{
  "model": "site_diary.milestone",
  "pk": 8,
  "fields": {
    "name": "Exterior Finishing",
    "description": "Exterior cladding, landscaping, and site improvements",
    "order": 8,
    "is_active": true,
    "created_at": "2025-10-21T11:24:42.876Z",
    "updated_at": "2025-10-21T11:24:42.876Z"
  }
},
{
  "model": "site_diary.milestone",
  "pk": 9,
  "fields": {
    "name": "Final Inspection",
    "description": "Punch list completion and final inspections",
    "order": 9,
    "is_active": true,
    "created_at": "2025-10-21T11:24:43.226Z",
    "updated_at": "2025-10-21T11:24:43.226Z"
  }
},
{
  "model": "site_diary.milestone",
  "pk": 10,
  "fields": {
    "name": "Project Handover",
    "description": "Project completion and handover to client",
    "order": 10,
    "is_active": true,
    "created_at": "2025-10-21T11:24:43.564Z",
    "updated_at": "2025-10-21T11:24:43.564Z"
  }
},
{
  "model": "site_diary.subcontractorcompany",
  "pk": 1,
  "fields": {
    "name": "ABC Electrical Services",
    "company_type": "electrical",
    "contact_person": "John Smith",
    "phone": "09123456789",
    "email": "",
    "address": "",
    "license_number": "",
    "is_active": true,
    "created_at": "2025-10-21T09:24:29.373Z"
  }
},
{
  "model": "site_diary.subcontractorcompany",
  "pk": 2,
  "fields": {
    "name": "Metro Plumbing Solutions",
    "company_type": "plumbing",
    "contact_person": "Maria Santos",
    "phone": "09234567890",
    "email": "",
    "address": "",
    "license_number": "",
    "is_active": true,
    "created_at": "2025-10-21T09:24:29.548Z"
  }
},
{
  "model": "site_diary.subcontractorcompany",
  "pk": 3,
  "fields": {
    "name": "Cool Air HVAC",
    "company_type": "hvac",
    "contact_person": "Robert Cruz",
    "phone": "09345678901",
    "email": "",
    "address": "",
    "license_number": "",
    "is_active": true,
    "created_at": "2025-10-21T09:24:29.732Z"
  }
},
{
  "model": "site_diary.subcontractorcompany",
  "pk": 4,
  "fields": {
    "name": "Prime Roofing Contractors",
    "company_type": "roofing",
    "contact_person": "Ana Garcia",
    "phone": "09456789012",
    "email": "",
    "address": "",
    "license_number": "",
    "is_active": true,
    "created_at": "2025-10-21T09:24:29.914Z"
  }
},
{
  "model": "site_diary.subcontractorcompany",
  "pk": 5,
  "fields": {
    "name": "Elite Flooring Specialists",
    "company_type": "flooring",
    "contact_person": "Carlos Reyes",
    "phone": "09567890123",
    "email": "",
    "address": "",
    "license_number": "",
    "is_active": true,
    "created_at": "2025-10-21T09:24:30.104Z"
  }
},
{
  "model": "site_diary.subcontractorcompany",
  "pk": 6,
  "fields": {
    "name": "Perfect Paint Solutions",
    "company_type": "painting",
    "contact_person": "Lisa Tan",
    "phone": "09678901234",
    "email": "",
    "address": "",
    "license_number": "",
    "is_active": true,
    "created_at": "2025-10-21T09:24:30.306Z"
  }
},
{
  "model": "site_diary.subcontractorcompany",
  "pk": 7,
  "fields": {
    "name": "Solid Concrete Works",
    "company_type": "concrete",
    "contact_person": "Miguel Torres",
    "phone": "09789012345",
    "email": "",
    "address": "",
    "license_number": "",
    "is_active": true,
    "created_at": "2025-10-21T09:24:30.482Z"
  }
},
{
  "model": "site_diary.subcontractorcompany",
  "pk": 8,
  "fields": {
    "name": "Steel Masters Inc.",
    "company_type": "steel",
    "contact_person": "David Lee",
    "phone": "09890123456",
    "email": "",
    "address": "",
    "license_number": "",
    "is_active": true,
    "created_at": "2025-10-21T09:24:30.678Z"
  }
},
{
  "model": "site_diary.workertype",
  "pk": 1,
  "fields": {
    "name": "Supervisor",
    "description": "Site supervisor",
    "default_daily_rate": "800.00",
    "is_active": true,
    "order": 1,
    "created_at": "2025-10-22T20:01:45.656Z",
    "updated_at": "2025-10-22T20:01:45.656Z"
  }
},
{
  "model": "site_diary.workertype",
  "pk": 2,
  "fields": {
    "name": "Skilled Labor",
    "description": "Skilled construction workers",
    "default_daily_rate": "600.00",
    "is_active": true,
    "order": 2,
    "created_at": "2025-10-22T20:01:45.852Z",
    "updated_at": "2025-10-22T20:01:45.852Z"
  }
},
{
  "model": "site_diary.workertype",
  "pk": 3,
  "fields": {
    "name": "Unskilled Labor",
    "description": "General laborers",
    "default_daily_rate": "400.00",
    "is_active": true,
    "order": 3,
    "created_at": "2025-10-22T20:01:46.048Z",
    "updated_at": "2025-10-22T20:01:46.048Z"
  }
},
{
  "model": "site_diary.subcontractorentry",
  "pk": 1,
  "fields": {
    "diary_entry": 23,
    "company_name": "ABC Electrical Services",
    "work_description": "asdasd",
    "daily_cost": "123.00",
    "created_at": "2025-10-22T22:33:46.454Z"
  }
},
{
  "model": "site_diary.subcontractorentry",
  "pk": 2,
  "fields": {
    "diary_entry": 25,
    "company_name": "ABC Electrical Services",
    "work_description": "asd",
    "daily_cost": "10.00",
    "created_at": "2025-10-23T15:21:12.320Z"
  }
},
{
  "model": "site_diary.subcontractorentry",
  "pk": 4,
  "fields": {
    "diary_entry": 33,
    "company_name": "ABC Electrical Services",
    "work_description": "asd",
    "daily_cost": "10.00",
    "created_at": "2025-10-23T21:04:18.646Z"
  }
},
{
  "model": "site_diary.subcontractorentry",
  "pk": 5,
  "fields": {
    "diary_entry": 36,
    "company_name": "ABC Electrical Services",
    "work_description": "electrical work",
    "daily_cost": "10.00",
    "created_at": "2025-10-31T02:53:40.572Z"
  }
},
{
  "model": "blog.category",
  "pk": 1,
  "fields": {
    "name": "Architecture",
    "slug": "architecture",
    "description": "Architectural designs and concepts",
    "color": "#3498db",
    "icon": "fas fa-folder",
    "created_date": "2025-10-20T20:28:39.353Z"
  }
},
{
  "model": "blog.category",
  "pk": 2,
  "fields": {
    "name": "Interior Design",
    "slug": "interior-design",
    "description": "Interior design projects",
    "color": "#e74c3c",
    "icon": "fas fa-folder",
    "created_date": "2025-10-20T20:28:39.546Z"
  }
},
{
  "model": "blog.category",
  "pk": 3,
  "fields": {
    "name": "Construction",
    "slug": "construction",
    "description": "Construction projects and techniques",
    "color": "#f39c12",
    "icon": "fas fa-folder",
    "created_date": "2025-10-20T20:28:39.731Z"
  }
},
{
  "model": "blog.category",
  "pk": 4,
  "fields": {
    "name": "Urban Planning",
    "slug": "urban-planning",
    "description": "Urban development and planning",
    "color": "#2ecc71",
    "icon": "fas fa-folder",
    "created_date": "2025-10-20T20:28:39.935Z"
  }
},
{
  "model": "blog.tag",
  "pk": 1,
  "fields": {
    "name": "beauty salon",
    "slug": "beauty-salon",
    "usage_count": 1,
    "created_date": "2025-10-20T20:28:40.423Z"
  }
},
{
  "model": "blog.tag",
  "pk": 2,
  "fields": {
    "name": "commercial design",
    "slug": "commercial-design",
    "usage_count": 1,
    "created_date": "2025-10-20T20:28:40.818Z"
  }
},
{
  "model": "blog.tag",
  "pk": 3,
  "fields": {
    "name": "interior design",
    "slug": "interior-design",
    "usage_count": 1,
    "created_date": "2025-10-20T20:28:41.162Z"
  }
},
{
  "model": "blog.tag",
  "pk": 4,
  "fields": {
    "name": "modern architecture",
    "slug": "modern-architecture",
    "usage_count": 2,
    "created_date": "2025-10-20T20:28:41.497Z"
  }
},
{
  "model": "blog.tag",
  "pk": 5,
  "fields": {
    "name": "japanese architecture",
    "slug": "japanese-architecture",
    "usage_count": 1,
    "created_date": "2025-10-20T20:28:42.026Z"
  }
},
{
  "model": "blog.tag",
  "pk": 6,
  "fields": {
    "name": "traditional design",
    "slug": "traditional-design",
    "usage_count": 1,
    "created_date": "2025-10-20T20:28:42.348Z"
  }
},
{
  "model": "blog.tag",
  "pk": 7,
  "fields": {
    "name": "residential",
    "slug": "residential",
    "usage_count": 1,
    "created_date": "2025-10-20T20:28:42.662Z"
  }
},
{
  "model": "blog.tag",
  "pk": 8,
  "fields": {
    "name": "cultural architecture",
    "slug": "cultural-architecture",
    "usage_count": 2,
    "created_date": "2025-10-20T20:28:42.994Z"
  }
},
{
  "model": "blog.tag",
  "pk": 9,
  "fields": {
    "name": "geometric design",
    "slug": "geometric-design",
    "usage_count": 1,
    "created_date": "2025-10-20T20:28:43.518Z"
  }
},
{
  "model": "blog.tag",
  "pk": 10,
  "fields": {
    "name": "innovative construction",
    "slug": "innovative-construction",
    "usage_count": 1,
    "created_date": "2025-10-20T20:28:44.070Z"
  }
},
{
  "model": "blog.tag",
  "pk": 11,
  "fields": {
    "name": "facade design",
    "slug": "facade-design",
    "usage_count": 1,
    "created_date": "2025-10-20T20:28:44.385Z"
  }
},
{
  "model": "blog.tag",
  "pk": 12,
  "fields": {
    "name": "urban planning",
    "slug": "urban-planning",
    "usage_count": 1,
    "created_date": "2025-10-20T20:28:45.137Z"
  }
},
{
  "model": "blog.tag",
  "pk": 13,
  "fields": {
    "name": "mixed-use development",
    "slug": "mixed-use-development",
    "usage_count": 1,
    "created_date": "2025-10-20T20:28:45.757Z"
  }
},
{
  "model": "blog.tag",
  "pk": 14,
  "fields": {
    "name": "sustainable design",
    "slug": "sustainable-design",
    "usage_count": 1,
    "created_date": "2025-10-20T20:28:46.162Z"
  }
},
{
  "model": "blog.tag",
  "pk": 15,
  "fields": {
    "name": "community development",
    "slug": "community-development",
    "usage_count": 1,
    "created_date": "2025-10-20T20:28:46.486Z"
  }
},
{
  "model": "blog.tag",
  "pk": 16,
  "fields": {
    "name": "heritage design",
    "slug": "heritage-design",
    "usage_count": 1,
    "created_date": "2025-10-20T20:28:47.250Z"
  }
},
{
  "model": "blog.tag",
  "pk": 17,
  "fields": {
    "name": "community engagement",
    "slug": "community-engagement",
    "usage_count": 1,
    "created_date": "2025-10-20T20:28:47.627Z"
  }
},
{
  "model": "blog.tag",
  "pk": 18,
  "fields": {
    "name": "traditional materials",
    "slug": "traditional-materials",
    "usage_count": 1,
    "created_date": "2025-10-20T20:28:47.941Z"
  }
},
{
  "model": "blog.tag",
  "pk": 19,
  "fields": {
    "name": "transparent architecture",
    "slug": "transparent-architecture",
    "usage_count": 1,
    "created_date": "2025-10-20T20:28:48.431Z"
  }
},
{
  "model": "blog.tag",
  "pk": 20,
  "fields": {
    "name": "glass design",
    "slug": "glass-design",
    "usage_count": 1,
    "created_date": "2025-10-20T20:28:48.733Z"
  }
},
{
  "model": "blog.tag",
  "pk": 21,
  "fields": {
    "name": "natural light",
    "slug": "natural-light",
    "usage_count": 1,
    "created_date": "2025-10-20T20:28:49.042Z"
  }
},
{
  "model": "blog.tag",
  "pk": 22,
  "fields": {
    "name": "modern construction",
    "slug": "modern-construction",
    "usage_count": 1,
    "created_date": "2025-10-20T20:28:49.345Z"
  }
},
{
  "model": "blog.tag",
  "pk": 23,
  "fields": {
    "name": "sustainable development",
    "slug": "sustainable-development",
    "usage_count": 1,
    "created_date": "2025-10-20T20:28:49.829Z"
  }
},
{
  "model": "blog.tag",
  "pk": 24,
  "fields": {
    "name": "community planning",
    "slug": "community-planning",
    "usage_count": 1,
    "created_date": "2025-10-20T20:28:50.134Z"
  }
},
{
  "model": "blog.tag",
  "pk": 25,
  "fields": {
    "name": "green building",
    "slug": "green-building",
    "usage_count": 1,
    "created_date": "2025-10-20T20:28:50.451Z"
  }
},
{
  "model": "blog.tag",
  "pk": 26,
  "fields": {
    "name": "adaptive reuse",
    "slug": "adaptive-reuse",
    "usage_count": 1,
    "created_date": "2025-10-20T20:28:50.649Z"
  }
},
{
  "model": "blog.tag",
  "pk": 27,
  "fields": {
    "name": "social infrastructure",
    "slug": "social-infrastructure",
    "usage_count": 1,
    "created_date": "2025-10-20T20:28:50.754Z"
  }
},
{
  "model": "blog.tag",
  "pk": 28,
  "fields": {
    "name": "historic preservation",
    "slug": "historic-preservation",
    "usage_count": 1,
    "created_date": "2025-10-20T20:28:51.245Z"
  }
},
{
  "model": "blog.tag",
  "pk": 29,
  "fields": {
    "name": "urban resilience",
    "slug": "urban-resilience",
    "usage_count": 1,
    "created_date": "2025-10-20T20:28:51.315Z"
  }
},
{
  "model": "blog.tag",
  "pk": 30,
  "fields": {
    "name": "sustainable renovation",
    "slug": "sustainable-renovation",
    "usage_count": 1,
    "created_date": "2025-10-20T20:28:51.592Z"
  }
},
{
  "model": "blog.tag",
  "pk": 31,
  "fields": {
    "name": "climate adaptation",
    "slug": "climate-adaptation",
    "usage_count": 1,
    "created_date": "2025-10-20T20:28:51.635Z"
  }
},
{
  "model": "blog.tag",
  "pk": 32,
  "fields": {
    "name": "architectural transformation",
    "slug": "architectural-transformation",
    "usage_count": 1,
    "created_date": "2025-10-20T20:28:51.912Z"
  }
},
{
  "model": "blog.tag",
  "pk": 33,
  "fields": {
    "name": "sustainable cities",
    "slug": "sustainable-cities",
    "usage_count": 1,
    "created_date": "2025-10-20T20:28:51.937Z"
  }
},
{
  "model": "blog.tag",
  "pk": 34,
  "fields": {
    "name": "future planning",
    "slug": "future-planning",
    "usage_count": 1,
    "created_date": "2025-10-20T20:28:52.256Z"
  }
},
{
  "model": "blog.tag",
  "pk": 35,
  "fields": {
    "name": "a-frame architecture",
    "slug": "a-frame-architecture",
    "usage_count": 1,
    "created_date": "2025-10-20T20:28:52.471Z"
  }
},
{
  "model": "blog.tag",
  "pk": 36,
  "fields": {
    "name": "modern residential",
    "slug": "modern-residential",
    "usage_count": 1,
    "created_date": "2025-10-20T20:28:52.789Z"
  }
},
{
  "model": "blog.tag",
  "pk": 37,
  "fields": {
    "name": "innovative design",
    "slug": "innovative-design",
    "usage_count": 1,
    "created_date": "2025-10-20T20:28:53.128Z"
  }
},
{
  "model": "blog.tag",
  "pk": 38,
  "fields": {
    "name": "structural efficiency",
    "slug": "structural-efficiency",
    "usage_count": 1,
    "created_date": "2025-10-20T20:28:53.494Z"
  }
},
{
  "model": "blog.tag",
  "pk": 39,
  "fields": {
    "name": "asdasdasda",
    "slug": "asdasdasda",
    "usage_count": 0,
    "created_date": "2025-10-20T20:59:08.595Z"
  }
},
{
  "model": "blog.tag",
  "pk": 40,
  "fields": {
    "name": "asdasdas",
    "slug": "asdasdas",
    "usage_count": 0,
    "created_date": "2025-10-20T20:59:08.921Z"
  }
},
{
  "model": "blog.tag",
  "pk": 41,
  "fields": {
    "name": "a dasdasas",
    "slug": "a-dasdasas",
    "usage_count": 0,
    "created_date": "2025-10-20T20:59:09.255Z"
  }
},
{
  "model": "blog.tag",
  "pk": 42,
  "fields": {
    "name": "sdfesdf",
    "slug": "sdfesdf",
    "usage_count": 0,
    "created_date": "2025-10-23T03:31:26.036Z"
  }
},
{
  "model": "blog.tag",
  "pk": 43,
  "fields": {
    "name": "architecture",
    "slug": "architecture",
    "usage_count": 3,
    "created_date": "2025-10-24T02:06:33.619Z"
  }
},
{
  "model": "blog.tag",
  "pk": 44,
  "fields": {
    "name": "sustainable",
    "slug": "sustainable",
    "usage_count": 2,
    "created_date": "2025-10-24T02:06:34.349Z"
  }
},
{
  "model": "blog.tag",
  "pk": 45,
  "fields": {
    "name": "WAF",
    "slug": "waf",
    "usage_count": 1,
    "created_date": "2025-10-24T22:30:11.168Z"
  }
},
{
  "model": "blog.tag",
  "pk": 46,
  "fields": {
    "name": "sustainability",
    "slug": "sustainability",
    "usage_count": 1,
    "created_date": "2025-10-24T22:30:11.493Z"
  }
},
{
  "model": "blog.tag",
  "pk": 47,
  "fields": {
    "name": "water research",
    "slug": "water-research",
    "usage_count": 1,
    "created_date": "2025-10-24T22:30:11.896Z"
  }
},
{
  "model": "blog.tag",
  "pk": 48,
  "fields": {
    "name": "innovation",
    "slug": "innovation",
    "usage_count": 1,
    "created_date": "2025-10-24T22:30:12.422Z"
  }
},
{
  "model": "blog.tag",
  "pk": 49,
  "fields": {
    "name": "renewable energy",
    "slug": "renewable-energy",
    "usage_count": 1,
    "created_date": "2025-10-24T22:30:12.762Z"
  }
},
{
  "model": "blog.tag",
  "pk": 50,
  "fields": {
    "name": "Philippines",
    "slug": "philippines",
    "usage_count": 1,
    "created_date": "2025-10-24T22:30:13.109Z"
  }
},
{
  "model": "blog.tag",
  "pk": 51,
  "fields": {
    "name": "asd",
    "slug": "asd",
    "usage_count": 5,
    "created_date": "2025-10-24T22:33:32.787Z"
  }
},
{
  "model": "blog.tag",
  "pk": 52,
  "fields": {
    "name": "test",
    "slug": "test",
    "usage_count": 1,
    "created_date": "2025-11-01T05:48:14.802Z"
  }
},
{
  "model": "blog.tag",
  "pk": 53,
  "fields": {
    "name": "ga",
    "slug": "ga",
    "usage_count": 0,
    "created_date": "2025-11-01T08:26:30.133Z"
  }
},
{
  "model": "blog.tag",
  "pk": 54,
  "fields": {
    "name": "ha",
    "slug": "ha",
    "usage_count": 0,
    "created_date": "2025-11-01T08:26:30.572Z"
  }
},
{
  "model": "blog.blogpost",
  "pk": 1,
  "fields": {
    "title": "Beauty Salon: Modern Elegance in Commercial Design",
    "slug": "beauty-salon-modern-elegance-in-commercial-design",
    "content": "<h2>Transforming Beauty Through Design</h2>\n                <p>Our latest beauty salon project showcases the perfect blend of functionality and aesthetic appeal. This modern commercial space was designed to create a luxurious yet welcoming environment for clients seeking beauty and wellness services.</p>\n                \n                <h3>Design Philosophy</h3>\n                <p>The design philosophy centered around creating a serene, spa-like atmosphere while maintaining the efficiency required for a busy commercial salon. Clean lines, neutral tones, and strategic lighting work together to enhance the overall client experience.</p>\n                \n                <h3>Key Features</h3>\n                <ul>\n                <li>Open-concept layout maximizing natural light</li>\n                <li>Premium materials including marble and brushed steel</li>\n                <li>State-of-the-art ventilation and lighting systems</li>\n                <li>Ergonomic workstations for staff comfort</li>\n                <li>Dedicated relaxation areas for clients</li>\n                </ul>\n                \n                <p>This project demonstrates our commitment to creating spaces that not only look beautiful but also enhance the functionality and success of our clients' businesses.</p>",
    "excerpt": "A modern beauty salon design that combines luxury aesthetics with practical functionality for an enhanced client experience.",
    "featured_image": "blog/featured_images/Beauty Salon_image1.jpg",
    "featured_image_alt": "Featured image for Beauty Salon: Modern Elegance in Commercial Design",
    "author": [
      "rideouts200221@gmail.com"
    ],
    "category": 2,
    "status": "published",
    "featured": true,
    "send_newsletter": false,
    "newsletter_sent": false,
    "rejection_reason": null,
    "rejected_by": null,
    "rejected_at": null,
    "seo_meta_title": "Beauty Salon: Modern Elegance in Commercial Design",
    "seo_meta_description": "A modern beauty salon design that combines luxury aesthetics with practical functionality for an enhanced client experience.",
    "enable_toc": true,
    "created_date": "2025-10-20T20:28:40.264Z",
    "updated_date": "2025-10-23T21:46:24.762Z",
    "published_date": "2025-10-20T20:28:40.262Z",
    "view_count": 2,
    "is_deleted": false,
    "deleted_at": null,
    "tags": [
      4,
      1,
      2,
      3
    ]
  }
},
{
  "model": "blog.blogpost",
  "pk": 2,
  "fields": {
    "title": "Japanese Village: Harmony Between Tradition and Modernity",
    "slug": "japanese-village-harmony-between-tradition-and-modernity",
    "content": "<h2>Embracing Japanese Design Principles</h2>\n                <p>This residential project draws inspiration from traditional Japanese village architecture while incorporating modern living requirements. The design emphasizes harmony with nature, simplicity, and the thoughtful use of natural materials.</p>\n                \n                <h3>Traditional Elements</h3>\n                <p>The project incorporates classic Japanese design elements including:</p>\n                <ul>\n                <li>Natural wood construction with exposed beams</li>\n                <li>Sliding shoji screens for flexible space division</li>\n                <li>Tatami-inspired flooring materials</li>\n                <li>Zen garden integration</li>\n                <li>Emphasis on natural light and ventilation</li>\n                </ul>\n                \n                <h3>Modern Adaptations</h3>\n                <p>While respecting traditional aesthetics, the design incorporates contemporary amenities and building techniques to meet modern lifestyle needs. The result is a harmonious blend that honors the past while embracing the future.</p>\n                \n                <p>This project showcases our ability to work with diverse cultural design traditions while creating spaces that are both authentic and functional for contemporary living.</p>",
    "excerpt": "A residential project that beautifully merges traditional Japanese village architecture with modern living requirements.",
    "featured_image": "blog/featured_images/Japanese Village_image1.jpg",
    "featured_image_alt": "Featured image for Japanese Village: Harmony Between Tradition and Modernity",
    "author": [
      "rideouts200221@gmail.com"
    ],
    "category": 1,
    "status": "published",
    "featured": true,
    "send_newsletter": false,
    "newsletter_sent": false,
    "rejection_reason": null,
    "rejected_by": null,
    "rejected_at": null,
    "seo_meta_title": "Japanese Village: Harmony Between Tradition and Modernity",
    "seo_meta_description": "A residential project that beautifully merges traditional Japanese village architecture with modern living requirements.",
    "enable_toc": true,
    "created_date": "2025-10-20T20:28:41.879Z",
    "updated_date": "2025-10-23T21:46:23.752Z",
    "published_date": "2025-10-20T20:28:41.879Z",
    "view_count": 6,
    "is_deleted": false,
    "deleted_at": null,
    "tags": [
      8,
      5,
      7,
      6
    ]
  }
},
{
  "model": "blog.blogpost",
  "pk": 3,
  "fields": {
    "title": "Crystalline Reckonings: Geometric Precision in Modern Architecture",
    "slug": "crystalline-reckonings-geometric-precision-in-modern-architecture",
    "content": "<h2>Geometric Innovation in Design</h2>\n                <p>Crystalline Reckonings represents a bold exploration of geometric forms in contemporary architecture. This project pushes the boundaries of traditional design through the use of angular geometries and crystalline structures that create a striking visual impact.</p>\n                \n                <h3>Design Concept</h3>\n                <p>The concept draws inspiration from natural crystal formations, translating their precise geometric patterns into architectural form. The building's facade features a series of interconnected angular panels that create dynamic shadows and reflections throughout the day.</p>\n                \n                <h3>Technical Innovation</h3>\n                <p>The project required advanced engineering solutions to achieve the complex geometric forms while maintaining structural integrity. Key innovations include:</p>\n                <ul>\n                <li>Custom-fabricated angular panels</li>\n                <li>Advanced structural support systems</li>\n                <li>Integrated lighting design</li>\n                <li>Climate-responsive facade elements</li>\n                </ul>\n                \n                <p>This project demonstrates our expertise in pushing architectural boundaries while maintaining practical functionality and structural soundness.</p>",
    "excerpt": "An innovative architectural project featuring geometric precision and crystalline forms that challenge traditional design boundaries.",
    "featured_image": "blog/featured_images/Crystalline Reckonings_image.jpg",
    "featured_image_alt": "Featured image for Crystalline Reckonings: Geometric Precision in Modern Architecture",
    "author": [
      "rideouts200221@gmail.com"
    ],
    "category": 1,
    "status": "published",
    "featured": true,
    "send_newsletter": false,
    "newsletter_sent": false,
    "rejection_reason": null,
    "rejected_by": null,
    "rejected_at": null,
    "seo_meta_title": "Crystalline Reckonings: Geometric Precision in Modern Archit",
    "seo_meta_description": "An innovative architectural project featuring geometric precision and crystalline forms that challenge traditional design boundaries.",
    "enable_toc": true,
    "created_date": "2025-10-20T20:28:43.357Z",
    "updated_date": "2025-10-23T21:46:23.125Z",
    "published_date": "2025-10-20T20:28:43.357Z",
    "view_count": 0,
    "is_deleted": false,
    "deleted_at": null,
    "tags": [
      4,
      11,
      9,
      10
    ]
  }
},
{
  "model": "blog.blogpost",
  "pk": 4,
  "fields": {
    "title": "Dynamic Urban Continuum: Reshaping City Landscapes",
    "slug": "dynamic-urban-continuum-reshaping-city-landscapes",
    "content": "<h2>Urban Development for the Future</h2>\n                <p>The Dynamic Urban Continuum project represents a comprehensive approach to urban development that addresses the evolving needs of modern cities. This mixed-use development creates a seamless integration of residential, commercial, and public spaces.</p>\n                \n                <h3>Urban Integration</h3>\n                <p>The project focuses on creating connections between different urban zones while maintaining distinct character areas. The design promotes walkability, sustainability, and community interaction through thoughtful planning and design.</p>\n                \n                <h3>Sustainable Features</h3>\n                <ul>\n                <li>Green building technologies throughout</li>\n                <li>Integrated public transportation access</li>\n                <li>Urban green spaces and parks</li>\n                <li>Stormwater management systems</li>\n                <li>Energy-efficient building systems</li>\n                </ul>\n                \n                <h3>Community Impact</h3>\n                <p>The development prioritizes community needs by providing diverse housing options, commercial opportunities, and public amenities that serve residents of all ages and backgrounds.</p>\n                \n                <p>This project showcases our commitment to creating urban environments that are not only functional but also enhance the quality of life for all residents.</p>",
    "excerpt": "A comprehensive urban development project that integrates residential, commercial, and public spaces for sustainable city living.",
    "featured_image": "blog/featured_images/Dynamic Urban Continuum_image1.jpg",
    "featured_image_alt": "Featured image for Dynamic Urban Continuum: Reshaping City Landscapes",
    "author": [
      "rideouts200221@gmail.com"
    ],
    "category": 4,
    "status": "published",
    "featured": true,
    "send_newsletter": false,
    "newsletter_sent": false,
    "rejection_reason": null,
    "rejected_by": null,
    "rejected_at": null,
    "seo_meta_title": "Dynamic Urban Continuum: Reshaping City Landscapes",
    "seo_meta_description": "A comprehensive urban development project that integrates residential, commercial, and public spaces for sustainable city living.",
    "enable_toc": true,
    "created_date": "2025-10-20T20:28:44.801Z",
    "updated_date": "2025-10-23T21:46:22.305Z",
    "published_date": "2025-10-20T20:28:44.801Z",
    "view_count": 0,
    "is_deleted": false,
    "deleted_at": null,
    "tags": [
      15,
      13,
      14,
      12
    ]
  }
},
{
  "model": "blog.blogpost",
  "pk": 5,
  "fields": {
    "title": "Payo ad Apfu: Cultural Heritage in Contemporary Design",
    "slug": "payo-ad-apfu-cultural-heritage-in-contemporary-design",
    "content": "<h2>Honoring Cultural Heritage</h2>\n                <p>The Payo ad Apfu project represents a thoughtful approach to incorporating cultural heritage elements into contemporary architectural design. This project demonstrates how traditional cultural values can be expressed through modern building techniques and materials.</p>\n                \n                <h3>Cultural Integration</h3>\n                <p>The design process involved extensive research into local cultural traditions and architectural heritage. Key cultural elements were identified and reinterpreted for contemporary use while maintaining their symbolic and functional significance.</p>\n                \n                <h3>Design Elements</h3>\n                <ul>\n                <li>Traditional spatial arrangements adapted for modern use</li>\n                <li>Local materials sourced from regional suppliers</li>\n                <li>Cultural symbols integrated into architectural details</li>\n                <li>Community gathering spaces reflecting traditional practices</li>\n                <li>Sustainable building practices honoring environmental traditions</li>\n                </ul>\n                \n                <h3>Community Engagement</h3>\n                <p>The project involved extensive community consultation to ensure that the design authentically represents local cultural values while meeting contemporary functional requirements.</p>\n                \n                <p>This project exemplifies our commitment to culturally sensitive design that honors heritage while embracing innovation.</p>",
    "excerpt": "A culturally sensitive architectural project that honors local heritage while incorporating contemporary design principles.",
    "featured_image": "blog/featured_images/Payo ad Apfu_Image.jpg",
    "featured_image_alt": "Featured image for Payo ad Apfu: Cultural Heritage in Contemporary Design",
    "author": [
      "rideouts200221@gmail.com"
    ],
    "category": 1,
    "status": "published",
    "featured": true,
    "send_newsletter": false,
    "newsletter_sent": false,
    "rejection_reason": null,
    "rejected_by": null,
    "rejected_at": null,
    "seo_meta_title": "Payo ad Apfu: Cultural Heritage in Contemporary Design",
    "seo_meta_description": "A culturally sensitive architectural project that honors local heritage while incorporating contemporary design principles.",
    "enable_toc": true,
    "created_date": "2025-10-20T20:28:46.860Z",
    "updated_date": "2025-10-23T21:46:21.663Z",
    "published_date": "2025-10-20T20:28:46.860Z",
    "view_count": 1,
    "is_deleted": false,
    "deleted_at": null,
    "tags": [
      8,
      17,
      16,
      18
    ]
  }
},
{
  "model": "blog.blogpost",
  "pk": 6,
  "fields": {
    "title": "Pellucid Reverence: Transparency in Modern Architecture",
    "slug": "pellucid-reverence-transparency-in-modern-architecture",
    "content": "<h2>The Art of Architectural Transparency</h2>\n                <p>Pellucid Reverence explores the concept of transparency in modern architecture, creating spaces that blur the boundaries between interior and exterior environments. This project demonstrates how glass and light can be used to create ethereal, almost spiritual architectural experiences.</p>\n                \n                <h3>Design Philosophy</h3>\n                <p>The design philosophy centers on the idea that architecture should enhance rather than obstruct the natural environment. Through the strategic use of transparent and translucent materials, the building creates a sense of lightness and connection with its surroundings.</p>\n                \n                <h3>Technical Achievements</h3>\n                <ul>\n                <li>Advanced glazing systems for optimal transparency</li>\n                <li>Structural glass elements reducing visual barriers</li>\n                <li>Integrated lighting design enhancing transparency effects</li>\n                <li>Climate control systems maintaining comfort in glass environments</li>\n                <li>Privacy solutions using smart glass technology</li>\n                </ul>\n                \n                <h3>Environmental Considerations</h3>\n                <p>Despite the extensive use of glass, the project maintains high energy efficiency through advanced glazing technologies and passive design strategies that work with natural light and ventilation patterns.</p>\n                \n                <p>This project showcases our expertise in creating architecturally striking buildings that maintain practical functionality and environmental responsibility.</p>",
    "excerpt": "An architectural exploration of transparency and light, creating ethereal spaces that connect interior and exterior environments.",
    "featured_image": "blog/featured_images/Pellucid Reverence_image1.jpg",
    "featured_image_alt": "Featured image for Pellucid Reverence: Transparency in Modern Architecture",
    "author": [
      "rideouts200221@gmail.com"
    ],
    "category": 1,
    "status": "published",
    "featured": true,
    "send_newsletter": false,
    "newsletter_sent": false,
    "rejection_reason": null,
    "rejected_by": null,
    "rejected_at": null,
    "seo_meta_title": "Pellucid Reverence: Transparency in Modern Architecture",
    "seo_meta_description": "An architectural exploration of transparency and light, creating ethereal spaces that connect interior and exterior environments.",
    "enable_toc": true,
    "created_date": "2025-10-20T20:28:48.294Z",
    "updated_date": "2025-10-23T21:46:20.735Z",
    "published_date": "2025-10-20T20:28:48.294Z",
    "view_count": 0,
    "is_deleted": false,
    "deleted_at": null,
    "tags": [
      20,
      22,
      21,
      19
    ]
  }
},
{
  "model": "blog.blogpost",
  "pk": 7,
  "fields": {
    "title": "Shelas Ukay: Sustainable Community Development",
    "slug": "shelas-ukay-sustainable-community-development",
    "content": "<h2>Building Sustainable Communities</h2>\n                <p>Shelas Ukay represents a comprehensive approach to sustainable community development that prioritizes environmental responsibility, social equity, and economic viability. This project demonstrates how thoughtful planning can create thriving communities that benefit both residents and the broader environment.</p>\n                \n                <h3>Sustainability Framework</h3>\n                <p>The project is built on a comprehensive sustainability framework that addresses multiple aspects of community development:</p>\n                <ul>\n                <li>Renewable energy systems throughout the community</li>\n                <li>Water conservation and recycling systems</li>\n                <li>Local food production and community gardens</li>\n                <li>Waste reduction and recycling programs</li>\n                <li>Native landscaping and biodiversity preservation</li>\n                </ul>\n                \n                <h3>Social Infrastructure</h3>\n                <p>The community design prioritizes social connections and community well-being through shared spaces, recreational facilities, and programs that bring residents together.</p>\n                \n                <h3>Economic Sustainability</h3>\n                <p>The project includes provisions for local economic development, including spaces for small businesses, co-working facilities, and community enterprises that keep economic benefits within the community.</p>\n                \n                <p>This project exemplifies our commitment to creating developments that are environmentally responsible, socially beneficial, and economically viable for the long term.</p>",
    "excerpt": "A comprehensive sustainable community development project that balances environmental responsibility with social and economic benefits.",
    "featured_image": "blog/featured_images/Shelas Ukay_image1.jpg",
    "featured_image_alt": "Featured image for Shelas Ukay: Sustainable Community Development",
    "author": [
      "rideouts200221@gmail.com"
    ],
    "category": 4,
    "status": "published",
    "featured": false,
    "send_newsletter": false,
    "newsletter_sent": false,
    "rejection_reason": null,
    "rejected_by": null,
    "rejected_at": null,
    "seo_meta_title": "Shelas Ukay: Sustainable Community Development",
    "seo_meta_description": "A comprehensive sustainable community development project that balances environmental responsibility with social and economic benefits.",
    "enable_toc": true,
    "created_date": "2025-10-20T20:28:49.693Z",
    "updated_date": "2025-10-24T02:10:37.255Z",
    "published_date": "2025-10-20T20:28:49.693Z",
    "view_count": 0,
    "is_deleted": false,
    "deleted_at": null,
    "tags": [
      24,
      25,
      27,
      23
    ]
  }
},
{
  "model": "blog.blogpost",
  "pk": 8,
  "fields": {
    "title": "The Art of Transformation: Adaptive Reuse Excellence",
    "slug": "the-art-of-transformation-adaptive-reuse-excellence",
    "content": "<h2>Breathing New Life into Existing Structures</h2>\n                <p>The Art of Transformation project showcases the potential of adaptive reuse in architecture. This project demonstrates how existing structures can be thoughtfully transformed to meet contemporary needs while preserving their historical and architectural significance.</p>\n                \n                <h3>Before and After</h3>\n                <p>The transformation process involved careful analysis of the existing structure's strengths and challenges. The original building's character was preserved while introducing modern amenities and functionality required for contemporary use.</p>\n                \n                <h3>Preservation Strategies</h3>\n                <ul>\n                <li>Structural assessment and reinforcement where needed</li>\n                <li>Preservation of significant architectural features</li>\n                <li>Integration of modern building systems</li>\n                <li>Accessibility improvements throughout</li>\n                <li>Energy efficiency upgrades</li>\n                </ul>\n                \n                <h3>Sustainable Benefits</h3>\n                <p>Adaptive reuse provides significant environmental benefits by reducing demolition waste, preserving embodied energy in existing structures, and minimizing the need for new construction materials.</p>\n                \n                <h3>Design Innovation</h3>\n                <p>The project required creative solutions to integrate modern functionality within the constraints of the existing structure, resulting in innovative design approaches that enhance both form and function.</p>\n                \n                <p>This project demonstrates our expertise in adaptive reuse and our commitment to sustainable building practices that honor architectural heritage.</p>",
    "excerpt": "A masterful adaptive reuse project that transforms an existing structure while preserving its architectural heritage and character.",
    "featured_image": "blog/featured_images/The Art of Transformation_after.jpg",
    "featured_image_alt": "Featured image for The Art of Transformation: Adaptive Reuse Excellence",
    "author": [
      "rideouts200221@gmail.com"
    ],
    "category": 1,
    "status": "published",
    "featured": true,
    "send_newsletter": false,
    "newsletter_sent": false,
    "rejection_reason": null,
    "rejected_by": null,
    "rejected_at": null,
    "seo_meta_title": "The Art of Transformation: Adaptive Reuse Excellence",
    "seo_meta_description": "A masterful adaptive reuse project that transforms an existing structure while preserving its architectural heritage and character.",
    "enable_toc": true,
    "created_date": "2025-10-20T20:28:50.502Z",
    "updated_date": "2025-10-23T21:46:19.170Z",
    "published_date": "2025-10-20T20:28:50.502Z",
    "view_count": 14,
    "is_deleted": false,
    "deleted_at": null,
    "tags": [
      26,
      32,
      28,
      30
    ]
  }
},
{
  "model": "blog.blogpost",
  "pk": 9,
  "fields": {
    "title": "The Lasting City: Designing for Urban Resilience",
    "slug": "the-lasting-city-designing-for-urban-resilience",
    "content": "<h2>Building Cities for the Future</h2>\n                <p>The Lasting City project addresses the critical need for urban resilience in the face of climate change and evolving social needs. This comprehensive urban planning initiative demonstrates how cities can be designed to adapt and thrive over time.</p>\n                \n                <h3>Resilience Framework</h3>\n                <p>The project is built on a resilience framework that addresses multiple urban challenges:</p>\n                <ul>\n                <li>Climate adaptation strategies</li>\n                <li>Infrastructure redundancy and flexibility</li>\n                <li>Social and economic diversity</li>\n                <li>Environmental sustainability</li>\n                <li>Community preparedness and response capabilities</li>\n                </ul>\n                \n                <h3>Adaptive Infrastructure</h3>\n                <p>The urban design incorporates flexible infrastructure systems that can adapt to changing needs and conditions over time. This includes modular building systems, adaptable transportation networks, and scalable utility systems.</p>\n                \n                <h3>Community Resilience</h3>\n                <p>The project prioritizes community resilience through the creation of strong social networks, local economic opportunities, and community resources that support residents during both normal times and periods of stress.</p>\n                \n                <h3>Long-term Vision</h3>\n                <p>The Lasting City represents a long-term vision for urban development that considers not just immediate needs but also the evolving challenges and opportunities that cities will face in the coming decades.</p>\n                \n                <p>This project showcases our commitment to creating urban environments that are not only functional today but will continue to serve communities well into the future.</p>",
    "excerpt": "A comprehensive urban planning project focused on creating resilient cities that can adapt and thrive in the face of future challenges.",
    "featured_image": "blog/featured_images/The Lasting City_image.jpg",
    "featured_image_alt": "Featured image for The Lasting City: Designing for Urban Resilience",
    "author": [
      "rideouts200221@gmail.com"
    ],
    "category": 4,
    "status": "published",
    "featured": true,
    "send_newsletter": false,
    "newsletter_sent": false,
    "rejection_reason": null,
    "rejected_by": null,
    "rejected_at": null,
    "seo_meta_title": "The Lasting City: Designing for Urban Resilience",
    "seo_meta_description": "A comprehensive urban planning project focused on creating resilient cities that can adapt and thrive in the face of future challenges.",
    "enable_toc": true,
    "created_date": "2025-10-20T20:28:51.163Z",
    "updated_date": "2025-10-23T21:46:18.507Z",
    "published_date": "2025-10-20T20:28:51.163Z",
    "view_count": 10,
    "is_deleted": false,
    "deleted_at": null,
    "tags": [
      31,
      34,
      33,
      29
    ]
  }
},
{
  "model": "blog.blogpost",
  "pk": 10,
  "fields": {
    "title": "Unorthodox A-Frame: Reimagining Classic Architecture",
    "slug": "unorthodox-a-frame-reimagining-classic-architecture",
    "content": "<h2>A Fresh Take on A-Frame Design</h2>\n                <p>The Unorthodox A-Frame project reimagines the classic A-frame architectural style for contemporary living. This innovative design maintains the iconic triangular profile while incorporating modern materials, technologies, and spatial arrangements that enhance functionality and comfort.</p>\n                \n                <h3>Design Innovation</h3>\n                <p>The project challenges traditional A-frame limitations through creative design solutions:</p>\n                <ul>\n                <li>Expanded interior volumes through strategic design modifications</li>\n                <li>Modern materials that enhance both aesthetics and performance</li>\n                <li>Innovative window placement maximizing natural light</li>\n                <li>Flexible interior spaces that adapt to different uses</li>\n                <li>Integration of contemporary building systems</li>\n                </ul>\n                \n                <h3>Structural Efficiency</h3>\n                <p>The A-frame structure provides inherent structural efficiency while the modern interpretation optimizes this efficiency through advanced engineering and material selection.</p>\n                \n                <h3>Environmental Integration</h3>\n                <p>The design emphasizes connection with the natural environment through strategic placement, material selection, and design elements that complement rather than compete with the surrounding landscape.</p>\n                \n                <h3>Contemporary Living</h3>\n                <p>While honoring the A-frame tradition, the design fully accommodates contemporary lifestyle needs including modern kitchens, comfortable living spaces, and integrated technology systems.</p>\n                \n                <p>This project demonstrates our ability to honor architectural traditions while pushing boundaries to create innovative solutions for contemporary living.</p>",
    "excerpt": "An innovative reimagining of the classic A-frame design that combines traditional aesthetics with contemporary functionality.",
    "featured_image": "blog/featured_images/Unorthodox A-Frame_image1.jpg",
    "featured_image_alt": "Featured image for Unorthodox A-Frame: Reimagining Classic Architecture",
    "author": [
      "rideouts200221@gmail.com"
    ],
    "category": 1,
    "status": "published",
    "featured": true,
    "send_newsletter": false,
    "newsletter_sent": false,
    "rejection_reason": null,
    "rejected_by": null,
    "rejected_at": null,
    "seo_meta_title": "Unorthodox A-Frame: Reimagining Classic Architecture",
    "seo_meta_description": "An innovative reimagining of the classic A-frame design that combines traditional aesthetics with contemporary functionality.",
    "enable_toc": true,
    "created_date": "2025-10-20T20:28:52.327Z",
    "updated_date": "2025-10-23T21:46:17.524Z",
    "published_date": "2025-10-20T20:28:52.327Z",
    "view_count": 14,
    "is_deleted": true,
    "deleted_at": "2025-10-21T15:44:05.374Z",
    "tags": [
      35,
      37,
      36,
      38
    ]
  }
},
{
  "model": "blog.blogpost",
  "pk": 11,
  "fields": {
    "title": "compu",
    "slug": "compu",
    "content": "",
    "excerpt": "sdfsdzvvsdv",
    "featured_image": "blog/featured_images/Screenshot_2025-10-01_135131.png",
    "featured_image_alt": "fdgfdg",
    "author": [
      "sensitivity161@gmail.com"
    ],
    "category": 3,
    "status": "pending",
    "featured": false,
    "send_newsletter": false,
    "newsletter_sent": false,
    "rejection_reason": null,
    "rejected_by": null,
    "rejected_at": null,
    "seo_meta_title": "compu",
    "seo_meta_description": "sdfsdzvvsdv",
    "enable_toc": true,
    "created_date": "2025-10-23T03:31:25.724Z",
    "updated_date": "2025-10-23T03:31:26.327Z",
    "published_date": null,
    "view_count": 0,
    "is_deleted": false,
    "deleted_at": null,
    "tags": [
      42
    ]
  }
},
{
  "model": "blog.blogpost",
  "pk": 12,
  "fields": {
    "title": "blog 1",
    "slug": "blog-1",
    "content": "asdasdasdasd&lt;div&gt;asdasdasd&lt;/div&gt;&lt;div&gt;asdas&lt;/div&gt;&lt;div&gt;<br>&lt;/div&gt;&lt;div&gt;asdasdasd\n\nernesnjsjsjsjsjsj\n\n&lt;/div&gt;",
    "excerpt": "asdasd",
    "featured_image": "blog/featured_images/arkiii.jpg",
    "featured_image_alt": "wara gd",
    "author": [
      "rideouts200221@gmail.com"
    ],
    "category": 1,
    "status": "published",
    "featured": true,
    "send_newsletter": false,
    "newsletter_sent": false,
    "rejection_reason": "bati",
    "rejected_by": [
      "sensitivity161@gmail.com"
    ],
    "rejected_at": "2025-10-24T02:07:20.339Z",
    "seo_meta_title": "blog 1",
    "seo_meta_description": "asdasd",
    "enable_toc": true,
    "created_date": "2025-10-24T02:06:33.103Z",
    "updated_date": "2025-10-24T02:09:24.307Z",
    "published_date": "2025-10-24T02:09:24.305Z",
    "view_count": 1,
    "is_deleted": false,
    "deleted_at": null,
    "tags": [
      43,
      44
    ]
  }
},
{
  "model": "blog.blogpost",
  "pk": 13,
  "fields": {
    "title": "Temporary Post",
    "slug": "temporary-post",
    "content": "",
    "excerpt": "",
    "featured_image": "",
    "featured_image_alt": "",
    "author": [
      "rideouts200221@gmail.com"
    ],
    "category": null,
    "status": "draft",
    "featured": false,
    "send_newsletter": false,
    "newsletter_sent": false,
    "rejection_reason": null,
    "rejected_by": null,
    "rejected_at": null,
    "seo_meta_title": "Temporary Post",
    "seo_meta_description": "",
    "enable_toc": true,
    "created_date": "2025-10-24T22:23:36.186Z",
    "updated_date": "2025-10-24T22:35:08.698Z",
    "published_date": null,
    "view_count": 0,
    "is_deleted": true,
    "deleted_at": "2025-10-24T22:35:08.698Z",
    "tags": []
  }
},
{
  "model": "blog.blogpost",
  "pk": 14,
  "fields": {
    "title": "test newsletter",
    "slug": "test-newsletter",
    "content": "asdasdadasd&lt;div&gt;<img src=\"/media/blog/content/arkiii.jpg\" alt=\"Blog image\">asdasdasdasd&lt;/div&gt;",
    "excerpt": "asdasdasd",
    "featured_image": "blog/featured_images/engi.jpg",
    "featured_image_alt": "asd",
    "author": [
      "rideouts200221@gmail.com"
    ],
    "category": 1,
    "status": "published",
    "featured": true,
    "send_newsletter": false,
    "newsletter_sent": false,
    "rejection_reason": null,
    "rejected_by": null,
    "rejected_at": null,
    "seo_meta_title": "test newsletter",
    "seo_meta_description": "asdasdasd",
    "enable_toc": true,
    "created_date": "2025-10-24T22:23:40.885Z",
    "updated_date": "2025-10-24T22:35:18.210Z",
    "published_date": "2025-10-24T22:24:30.408Z",
    "view_count": 0,
    "is_deleted": true,
    "deleted_at": "2025-10-24T22:35:18.209Z",
    "tags": [
      43,
      44
    ]
  }
},
{
  "model": "blog.blogpost",
  "pk": 15,
  "fields": {
    "title": "asd",
    "slug": "asd",
    "content": "asd",
    "excerpt": "asdasdasdasdasdasdad",
    "featured_image": "blog/featured_images/HOUSEtriGdesign.jpg",
    "featured_image_alt": "adasdasd",
    "author": [
      "rideouts200221@gmail.com"
    ],
    "category": 1,
    "status": "published",
    "featured": true,
    "send_newsletter": true,
    "newsletter_sent": false,
    "rejection_reason": null,
    "rejected_by": null,
    "rejected_at": null,
    "seo_meta_title": "asd",
    "seo_meta_description": "asdasdasdasdasdasdad",
    "enable_toc": true,
    "created_date": "2025-10-24T22:30:10.814Z",
    "updated_date": "2025-10-24T22:34:48.212Z",
    "published_date": "2025-10-24T22:30:23.898Z",
    "view_count": 1,
    "is_deleted": true,
    "deleted_at": "2025-10-24T22:34:48.212Z",
    "tags": [
      43,
      48,
      50,
      49,
      46,
      45,
      47
    ]
  }
},
{
  "model": "blog.blogpost",
  "pk": 16,
  "fields": {
    "title": "test 2 news",
    "slug": "test-2-news",
    "content": "asdasdasdas",
    "excerpt": "sad",
    "featured_image": "",
    "featured_image_alt": "asdasd",
    "author": [
      "rideouts200221@gmail.com"
    ],
    "category": 1,
    "status": "published",
    "featured": false,
    "send_newsletter": true,
    "newsletter_sent": false,
    "rejection_reason": null,
    "rejected_by": null,
    "rejected_at": null,
    "seo_meta_title": "test 2 news",
    "seo_meta_description": "sad",
    "enable_toc": true,
    "created_date": "2025-10-24T22:33:32.480Z",
    "updated_date": "2025-10-24T22:34:37.449Z",
    "published_date": "2025-10-24T22:33:44.410Z",
    "view_count": 0,
    "is_deleted": true,
    "deleted_at": "2025-10-24T22:34:37.448Z",
    "tags": [
      51
    ]
  }
},
{
  "model": "blog.blogpost",
  "pk": 17,
  "fields": {
    "title": "wrsadas",
    "slug": "wrsadas",
    "content": "asd",
    "excerpt": "sad",
    "featured_image": "",
    "featured_image_alt": "asd",
    "author": [
      "rideouts200221@gmail.com"
    ],
    "category": 1,
    "status": "published",
    "featured": true,
    "send_newsletter": true,
    "newsletter_sent": false,
    "rejection_reason": null,
    "rejected_by": null,
    "rejected_at": null,
    "seo_meta_title": "wrsadas",
    "seo_meta_description": "sad",
    "enable_toc": true,
    "created_date": "2025-10-24T22:35:53.385Z",
    "updated_date": "2025-10-24T22:36:04.141Z",
    "published_date": "2025-10-24T22:36:04.140Z",
    "view_count": 0,
    "is_deleted": false,
    "deleted_at": null,
    "tags": [
      51
    ]
  }
},
{
  "model": "blog.blogpost",
  "pk": 18,
  "fields": {
    "title": "asd",
    "slug": "asd-1",
    "content": "",
    "excerpt": "",
    "featured_image": "",
    "featured_image_alt": "",
    "author": [
      "rideouts200221@gmail.com"
    ],
    "category": 1,
    "status": "published",
    "featured": false,
    "send_newsletter": true,
    "newsletter_sent": true,
    "rejection_reason": null,
    "rejected_by": null,
    "rejected_at": null,
    "seo_meta_title": "asd",
    "seo_meta_description": "",
    "enable_toc": true,
    "created_date": "2025-10-24T22:37:43.785Z",
    "updated_date": "2025-10-24T22:38:11.839Z",
    "published_date": "2025-10-24T22:38:01.063Z",
    "view_count": 0,
    "is_deleted": false,
    "deleted_at": null,
    "tags": []
  }
},
{
  "model": "blog.blogpost",
  "pk": 19,
  "fields": {
    "title": "test news 2",
    "slug": "test-news-2",
    "content": "",
    "excerpt": "",
    "featured_image": "",
    "featured_image_alt": "",
    "author": [
      "rideouts200221@gmail.com"
    ],
    "category": 1,
    "status": "published",
    "featured": false,
    "send_newsletter": true,
    "newsletter_sent": true,
    "rejection_reason": null,
    "rejected_by": null,
    "rejected_at": null,
    "seo_meta_title": "test news 2",
    "seo_meta_description": "",
    "enable_toc": true,
    "created_date": "2025-10-24T22:41:58.816Z",
    "updated_date": "2025-10-24T22:42:23.184Z",
    "published_date": "2025-10-24T22:42:12.431Z",
    "view_count": 1,
    "is_deleted": false,
    "deleted_at": null,
    "tags": []
  }
},
{
  "model": "blog.blogpost",
  "pk": 20,
  "fields": {
    "title": "new template",
    "slug": "new-template",
    "content": "asdasdasdasdadasdasdasdasdasdadasdasdasdasdasdadasdasdasdasdasdadasdasdasdasdasdadasdasdasdasdasdadasdasdasdasdasdadasdasdasdasdasdadasdasdasdasdasdadasdasdasdasdasdadasdasdasdasdasdadasdasdasdasdasdadasdasdasdasdasdadasdasdasdasdasdadasdasdasdasdasdadasdasdasdasdasdadasdasdasdasdasdadasdasdasdasdasdadasdasdasdasdasdadasdasdasdasdasdadasdasdasdasdasdadasdasdasdasdasdadasdasdasdasdasdadasdasdasdasdasdadasdasdasdasdasdadasdasdasdasdasdadasdasdasdasdasdadasdasdasdasdasdadasdasdasdasdasdadasdasdasdasdasdadasdasdasdasdasdadasdasdasdasdasdadasdasdasdasdasdadasdasdasdasdasdadasdasdasdasdasdadasdasdasdasdasdadasdasdasdasdasdadasdasdasdasdasdadasdasdasdasdasdadasdasdasdasdasdadasdasdasdasdasdadasdasdasdasdasdadasdasdasdasdasdadasdasdasdasdasdadasdasdasdasdasdadasdasdasdasdasdadasdasdasdasdasdadasdasdasdasdasdadasdasdasdasdasdadasdasdasdasdasdadasdasdasdasdasdadasdasdasdasdasdadasdasdasdasdasdadasdasdasdasdasdadasdasdasdasdasdadasdasdasdasdasdadasdasdasdasdasdadasdasdasdasdasdadasdasdasdasdasdadasdasdasdasdasdadasdasdasdasdasdadasdasdasdasdasdadasdasdasdasdasdadasdasdasdasdasdadasdasdasdasdasdadasdasdasdasdasdadasdasdasdasdasdadasdasdasdasdasdadasdasdasdasdasdadasdasdasdasdasdadasdasdasdasdasdadasdasdasdasdasdadasdasdasdasdasdadasdasdasdasdasdadasdasdasdasdasdadasdasdasdasdasdadasd",
    "excerpt": "asdasdasdasdadasdasdasdasdasdadasdasdasdasdasdadasdasdasdasdasdadasd\r\nasdasdasdasdadasdasdasdasdasdadasdasdasdasdasdadasdasdasdasdasdadasd\r\nasdasdasdasdadasdasdasdasdasdadasdasdasdasdasdadasdasdasdasdasdadasd\r\nasdasdasdasdadasdasdasdasdasdadasdasdasdasdasdadasdasdasdasdasdadasdvasdasdasdasdadasdasdasdasdasdadasdasdasdasdasdadasdasdasdasdasdadasd\r\nasdasdasdasdadasdasdasdasdasdadasdasdasdasdasdadasdasdasdasdasdadasd\r\nasdasdasdasdadasdasdasdasdasdadasdasdasdasdasdadasdasdasdasdasdadasdasdasdasdasdadasda",
    "featured_image": "blog/featured_images/default-profile.png",
    "featured_image_alt": "Concept rendering of Crystalline Reckonings saltwater-powered buoy floating at sea during nighttime.",
    "author": [
      "rideouts200221@gmail.com"
    ],
    "category": 1,
    "status": "published",
    "featured": false,
    "send_newsletter": false,
    "newsletter_sent": true,
    "rejection_reason": null,
    "rejected_by": null,
    "rejected_at": null,
    "seo_meta_title": "new template",
    "seo_meta_description": "asdasdasdasdadasdasdasdasdasdadasdasdasdasdasdadasdasdasdasdasdadasd\r\nasdasdasdasdadasdasdasdasdasdadasdasdasdasdasdadasdasdasdasdasdadasd\r\nasdasdasdasdadasdasd",
    "enable_toc": true,
    "created_date": "2025-10-25T06:28:59.989Z",
    "updated_date": "2025-10-25T06:31:31.791Z",
    "published_date": "2025-10-25T06:29:16.794Z",
    "view_count": 0,
    "is_deleted": false,
    "deleted_at": null,
    "tags": [
      51
    ]
  }
},
{
  "model": "blog.blogpost",
  "pk": 21,
  "fields": {
    "title": "asdf",
    "slug": "asdf",
    "content": "asdasdasdasdasdasdasdasdasdasdasdasdasdasdasdasdasdasdasdasdasdasdasdasdasdasdasdasdasdasdasdasdasdasdasdasdasdasdasdasdasdasdasdasdasdasdasdasdasdasdasdasdasdasdasdasdasdasdasdasdasdasdasdasdasdasdasdasdasdasdasdasdasdasdasdasdasdasdasdasdasdasdasdasdasdasdasdasdasdasdasdasdasdasdasdasdasdasdasdasdasdasdasdasdasdasdasdasdasdasdasdasdasdasdasdasdasdasdasdasdasdasdasdasdasdasdasdasdasdasdasdasdasdasdasdasdasdasdasdasdasdasdasdasdasdasdasdasdasdasdasdasdasdasdasdasdasdasdasdasdasdasdasdasdasdasdasdasdasdasdasdasdasdasdasdasdasdasdasdasdasdasdasdasdasdasdasdasdasdasdasdasdasdasdasdasdasdasdasdasdasdasdasdasdasdasdasdasdasdasdasdasdasdasdasdasdasdasdasd",
    "excerpt": "asdasdasdasdasdasdasdasdasdasdasdasd\r\nasdasdasdasdasdasdasdasdasdasdasdasdasdasdasdasdasdasd\r\nasdasdasdasdasdasd",
    "featured_image": "blog/featured_images/engi_WPonvMO.jpg",
    "featured_image_alt": "adasdasd",
    "author": [
      "rideouts200221@gmail.com"
    ],
    "category": 1,
    "status": "published",
    "featured": false,
    "send_newsletter": true,
    "newsletter_sent": true,
    "rejection_reason": null,
    "rejected_by": null,
    "rejected_at": null,
    "seo_meta_title": "asdf",
    "seo_meta_description": "asdasdasdasdasdasdasdasdasdasdasdasd\r\nasdasdasdasdasdasdasdasdasdasdasdasdasdasdasdasdasdasd\r\nasdasdasdasdasdasd",
    "enable_toc": true,
    "created_date": "2025-10-25T06:32:26.038Z",
    "updated_date": "2025-10-25T06:32:50.179Z",
    "published_date": "2025-10-25T06:32:37.710Z",
    "view_count": 1,
    "is_deleted": false,
    "deleted_at": null,
    "tags": [
      51
    ]
  }
},
{
  "model": "blog.blogpost",
  "pk": 22,
  "fields": {
    "title": "diondi",
    "slug": "diondi",
    "content": "asdadasdadad\ndion",
    "excerpt": "sadsad",
    "featured_image": "blog/featured_images/image1.jpg",
    "featured_image_alt": "asd",
    "author": [
      "rideouts200221@gmail.com"
    ],
    "category": 1,
    "status": "published",
    "featured": false,
    "send_newsletter": true,
    "newsletter_sent": true,
    "rejection_reason": null,
    "rejected_by": null,
    "rejected_at": null,
    "seo_meta_title": "diondi",
    "seo_meta_description": "sadsad",
    "enable_toc": true,
    "created_date": "2025-10-25T07:00:52.538Z",
    "updated_date": "2025-10-25T07:01:16.185Z",
    "published_date": "2025-10-25T07:01:00.197Z",
    "view_count": 0,
    "is_deleted": false,
    "deleted_at": null,
    "tags": [
      51
    ]
  }
},
{
  "model": "blog.blogpost",
  "pk": 23,
  "fields": {
    "title": "BLOG ARTICLE TRIPLE G",
    "slug": "blog-article-triple-g",
    "content": "",
    "excerpt": "IN THIS POST SUBSCRIBERS WILL GET NOTIFIED UPON TRIPLE G CREATE A NEW POST (MAKE SURE TO CLICK THE NEWSLETTER)",
    "featured_image": "",
    "featured_image_alt": "",
    "author": [
      "rideouts200221@gmail.com"
    ],
    "category": null,
    "status": "published",
    "featured": false,
    "send_newsletter": true,
    "newsletter_sent": true,
    "rejection_reason": null,
    "rejected_by": null,
    "rejected_at": null,
    "seo_meta_title": "BLOG ARTICLE TRIPLE G",
    "seo_meta_description": "IN THIS POST SUBSCRIBERS WILL GET NOTIFIED UPON TRIPLE G CREATE A NEW POST (MAKE SURE TO CLICK THE NEWSLETTER)",
    "enable_toc": true,
    "created_date": "2025-10-25T10:30:54.156Z",
    "updated_date": "2025-10-25T10:31:35.344Z",
    "published_date": "2025-10-25T10:31:20.038Z",
    "view_count": 1,
    "is_deleted": false,
    "deleted_at": null,
    "tags": []
  }
},
{
  "model": "blog.blogpost",
  "pk": 24,
  "fields": {
    "title": "TEST CREATION OF BLOG",
    "slug": "test-creation-of-blog",
    "content": "<h2>A Fresh Take on A-Frame Design</h2><p>The Unorthodox A-Frame project reimagines the classic A-frame architectural style for contemporary living. This innovative design maintains the iconic triangular profile while incorporating modern materials, technologies, and spatial arrangements that enhance functionality and comfort.</p><h3>Design Innovation</h3><p>The project challenges traditional A-frame limitations through creative design solutions:</p><ul><li>Expanded interior volumes through strategic design modifications</li><li>Modern materials that enhance both aesthetics and performance</li><li>Innovative window placement maximizing natural light</li><li>Flexible interior spaces that adapt to different uses</li><li>Integration of contemporary building systems</li></ul><h3>Structural Efficiency</h3><p>The A-frame structure provides inherent structural efficiency while the modern interpretation optimizes this efficiency through advanced engineering and material selection.</p><h3>Environmental Integration</h3><p>The design emphasizes connection with the natural environment through strategic placement, material selection, and design elements that complement rather than compete with the surrounding landscape.</p><h3>Contemporary Living</h3><p>While honoring the A-frame tradition, the design fully accommodates contemporary lifestyle needs including modern kitchens, comfortable living spaces, and integrated technology systems.</p><p>This project demonstrates our ability to honor architectural traditions while pushing boundaries to create innovative solutions for contemporary living.</p>\n\n",
    "excerpt": "on this page you can create blog articles you can also just copy and paste from the words the it will automatically paste what you copied and its format",
    "featured_image": "blog/featured_images/grifin.png",
    "featured_image_alt": "Concept rendering of Crystalline Reckonings saltwater-powered buoy floating at sea during nighttime.",
    "author": [
      "rideouts200221@gmail.com"
    ],
    "category": 1,
    "status": "pending",
    "featured": false,
    "send_newsletter": true,
    "newsletter_sent": false,
    "rejection_reason": null,
    "rejected_by": null,
    "rejected_at": null,
    "seo_meta_title": "this is seo optimization for indexing on google",
    "seo_meta_description": "on this page you can create blog articles you can also just copy and paste from the words the it will automatically paste what you copied and its format",
    "enable_toc": true,
    "created_date": "2025-10-25T10:56:05.607Z",
    "updated_date": "2025-10-25T10:56:06.232Z",
    "published_date": null,
    "view_count": 0,
    "is_deleted": false,
    "deleted_at": null,
    "tags": [
      43,
      44
    ]
  }
},
{
  "model": "blog.blogpost",
  "pk": 25,
  "fields": {
    "title": "kani testing",
    "slug": "kani-testing",
    "content": "oaky",
    "excerpt": "wara",
    "featured_image": "blog/featured_images/6660307-free-wallpaper-9i-lenovo.jpg",
    "featured_image_alt": "test",
    "author": [
      "melanie.albaracin45@gmail.com"
    ],
    "category": 1,
    "status": "published",
    "featured": true,
    "send_newsletter": true,
    "newsletter_sent": true,
    "rejection_reason": null,
    "rejected_by": null,
    "rejected_at": null,
    "seo_meta_title": "asd",
    "seo_meta_description": "asd",
    "enable_toc": true,
    "created_date": "2025-11-01T05:48:14.352Z",
    "updated_date": "2025-11-01T05:48:46.053Z",
    "published_date": "2025-11-01T05:48:31.657Z",
    "view_count": 0,
    "is_deleted": false,
    "deleted_at": null,
    "tags": [
      52
    ]
  }
},
{
  "model": "blog.blogpost",
  "pk": 26,
  "fields": {
    "title": "test",
    "slug": "test",
    "content": "<h2>hahahahaha</h2>",
    "excerpt": "haha",
    "featured_image": "blog/featured_images/HOUSEtriGdesign_9bjFkiT.jpg",
    "featured_image_alt": "hah",
    "author": [
      "rideouts200221@gmail.com"
    ],
    "category": 1,
    "status": "pending",
    "featured": false,
    "send_newsletter": true,
    "newsletter_sent": false,
    "rejection_reason": null,
    "rejected_by": null,
    "rejected_at": null,
    "seo_meta_title": "test",
    "seo_meta_description": "haha",
    "enable_toc": true,
    "created_date": "2025-11-01T08:26:29.796Z",
    "updated_date": "2025-11-01T08:26:30.897Z",
    "published_date": null,
    "view_count": 0,
    "is_deleted": false,
    "deleted_at": null,
    "tags": [
      53,
      54
    ]
  }
},
{
  "model": "blog.comment",
  "pk": 1,
  "fields": {
    "blog_post": 9,
    "content": "dasda",
    "author": [
      "rideouts199@gmail.com"
    ],
    "author_name": "ride outs",
    "author_email": "rideouts199@gmail.com",
    "author_website": "",
    "parent": null,
    "status": "approved",
    "moderated_by": null,
    "moderated_at": null,
    "moderation_note": "",
    "created_at": "2025-10-22T11:12:46.622Z",
    "updated_at": "2025-10-22T11:12:46.622Z",
    "ip_address": "127.0.0.1",
    "user_agent": "Mozilla/5.0 (Windows NT 10.0; Win64; x64) AppleWebKit/537.36 (KHTML, like Gecko) Chrome/141.0.0.0 Safari/537.36",
    "spam_score": 0.2,
    "is_spam": false,
    "likes": 0,
    "dislikes": 0
  }
},
{
  "model": "blog.comment",
  "pk": 2,
  "fields": {
    "blog_post": 10,
    "content": "sjdj",
    "author": [
      "rideouts199@gmail.com"
    ],
    "author_name": "ride outs",
    "author_email": "rideouts199@gmail.com",
    "author_website": "",
    "parent": null,
    "status": "approved",
    "moderated_by": null,
    "moderated_at": null,
    "moderation_note": "",
    "created_at": "2025-10-24T01:14:15.900Z",
    "updated_at": "2025-10-24T04:18:08.670Z",
    "ip_address": "127.0.0.1",
    "user_agent": "Mozilla/5.0 (Windows NT 10.0; Win64; x64) AppleWebKit/537.36 (KHTML, like Gecko) Chrome/141.0.0.0 Safari/537.36",
    "spam_score": 0.2,
    "is_spam": false,
    "likes": 1,
    "dislikes": 0
  }
},
{
  "model": "blog.comment",
  "pk": 3,
  "fields": {
    "blog_post": 8,
    "content": "https://dashboard.render.com/d/dpg-d3r8hqu3jp1c7394km30-a",
    "author": [
      "rideouts199@gmail.com"
    ],
    "author_name": "ride outs",
    "author_email": "rideouts199@gmail.com",
    "author_website": "",
    "parent": null,
    "status": "approved",
    "moderated_by": null,
    "moderated_at": null,
    "moderation_note": "",
    "created_at": "2025-10-24T04:41:49.088Z",
    "updated_at": "2025-10-24T04:41:49.088Z",
    "ip_address": "127.0.0.1",
    "user_agent": "Mozilla/5.0 (Windows NT 10.0; Win64; x64) AppleWebKit/537.36 (KHTML, like Gecko) Chrome/141.0.0.0 Safari/537.36",
    "spam_score": 0.0,
    "is_spam": false,
    "likes": 0,
    "dislikes": 0
  }
},
{
  "model": "blog.commentlike",
  "pk": 1,
  "fields": {
    "comment": 2,
    "user": [
      "rideouts199@gmail.com"
    ],
    "ip_address": null,
    "is_like": true,
    "created_at": "2025-10-24T04:18:08.623Z"
  }
},
{
  "model": "blog.blogimage",
  "pk": 51,
  "fields": {
    "blog_post": 11,
    "image": "blog/gallery/Screenshot_2025-10-01_132002.png",
    "caption": "",
    "alt_text": "",
    "order": 0,
    "width": 685,
    "height": 689,
    "file_size": 80730,
    "uploaded_date": "2025-10-23T03:31:26.632Z"
  }
},
{
  "model": "blog.blogimage",
  "pk": 72,
  "fields": {
    "blog_post": 10,
    "image": "blog/gallery/Unorthodox A-Frame_image2.jpg",
    "caption": "Gallery image for Unorthodox A-Frame: Reimagining Classic Architecture",
    "alt_text": "Gallery image 1",
    "order": 0,
    "width": 1500,
    "height": 1500,
    "file_size": 1548866,
    "uploaded_date": "2025-10-23T21:46:18.122Z"
  }
},
{
  "model": "blog.blogimage",
  "pk": 73,
  "fields": {
    "blog_post": 10,
    "image": "blog/gallery/Unorthodox A-Frame_image3.jpg",
    "caption": "Gallery image for Unorthodox A-Frame: Reimagining Classic Architecture",
    "alt_text": "Gallery image 2",
    "order": 1,
    "width": 1500,
    "height": 1500,
    "file_size": 1134670,
    "uploaded_date": "2025-10-23T21:46:18.206Z"
  }
},
{
  "model": "blog.blogimage",
  "pk": 74,
  "fields": {
    "blog_post": 10,
    "image": "blog/gallery/Unorthodox A-Frame_image4.jpg",
    "caption": "Gallery image for Unorthodox A-Frame: Reimagining Classic Architecture",
    "alt_text": "Gallery image 3",
    "order": 2,
    "width": 1500,
    "height": 1500,
    "file_size": 1474595,
    "uploaded_date": "2025-10-23T21:46:18.294Z"
  }
},
{
  "model": "blog.blogimage",
  "pk": 75,
  "fields": {
    "blog_post": 8,
    "image": "blog/gallery/The Art of Transformation_before.jpg",
    "caption": "Gallery image for The Art of Transformation: Adaptive Reuse Excellence",
    "alt_text": "Gallery image 1",
    "order": 0,
    "width": 1290,
    "height": 576,
    "file_size": 93679,
    "uploaded_date": "2025-10-23T21:46:19.701Z"
  }
},
{
  "model": "blog.blogimage",
  "pk": 76,
  "fields": {
    "blog_post": 7,
    "image": "blog/gallery/Shelas Ukay_image2.jpg",
    "caption": "Gallery image for Shelas Ukay: Sustainable Community Development",
    "alt_text": "Gallery image 1",
    "order": 0,
    "width": 1600,
    "height": 1200,
    "file_size": 407230,
    "uploaded_date": "2025-10-23T21:46:20.442Z"
  }
},
{
  "model": "blog.blogimage",
  "pk": 77,
  "fields": {
    "blog_post": 7,
    "image": "blog/gallery/Shelas Ukay_image3.jpg",
    "caption": "Gallery image for Shelas Ukay: Sustainable Community Development",
    "alt_text": "Gallery image 2",
    "order": 1,
    "width": 1600,
    "height": 900,
    "file_size": 314353,
    "uploaded_date": "2025-10-23T21:46:20.524Z"
  }
},
{
  "model": "blog.blogimage",
  "pk": 78,
  "fields": {
    "blog_post": 6,
    "image": "blog/gallery/Pellucid Reverence_image2.jpg",
    "caption": "Gallery image for Pellucid Reverence: Transparency in Modern Architecture",
    "alt_text": "Gallery image 1",
    "order": 0,
    "width": 1200,
    "height": 1500,
    "file_size": 518879,
    "uploaded_date": "2025-10-23T21:46:21.268Z"
  }
},
{
  "model": "blog.blogimage",
  "pk": 79,
  "fields": {
    "blog_post": 6,
    "image": "blog/gallery/Pellucid Reverence_image3.jpg",
    "caption": "Gallery image for Pellucid Reverence: Transparency in Modern Architecture",
    "alt_text": "Gallery image 2",
    "order": 1,
    "width": 1200,
    "height": 1500,
    "file_size": 330968,
    "uploaded_date": "2025-10-23T21:46:21.347Z"
  }
},
{
  "model": "blog.blogimage",
  "pk": 80,
  "fields": {
    "blog_post": 6,
    "image": "blog/gallery/Pellucid Reverence_image4.jpg",
    "caption": "Gallery image for Pellucid Reverence: Transparency in Modern Architecture",
    "alt_text": "Gallery image 3",
    "order": 2,
    "width": 600,
    "height": 750,
    "file_size": 64542,
    "uploaded_date": "2025-10-23T21:46:21.410Z"
  }
},
{
  "model": "blog.blogimage",
  "pk": 81,
  "fields": {
    "blog_post": 6,
    "image": "blog/gallery/Pellucid Reverence_image5.jpg",
    "caption": "Gallery image for Pellucid Reverence: Transparency in Modern Architecture",
    "alt_text": "Gallery image 4",
    "order": 3,
    "width": 948,
    "height": 1185,
    "file_size": 223999,
    "uploaded_date": "2025-10-23T21:46:21.469Z"
  }
},
{
  "model": "blog.blogimage",
  "pk": 82,
  "fields": {
    "blog_post": 4,
    "image": "blog/gallery/Dynamic Urban Continuum_image2.jpg",
    "caption": "Gallery image for Dynamic Urban Continuum: Reshaping City Landscapes",
    "alt_text": "Gallery image 1",
    "order": 0,
    "width": 2048,
    "height": 1152,
    "file_size": 796783,
    "uploaded_date": "2025-10-23T21:46:22.837Z"
  }
},
{
  "model": "blog.blogimage",
  "pk": 83,
  "fields": {
    "blog_post": 4,
    "image": "blog/gallery/Dynamic Urban Continuum_image3.jpg",
    "caption": "Gallery image for Dynamic Urban Continuum: Reshaping City Landscapes",
    "alt_text": "Gallery image 2",
    "order": 1,
    "width": 2048,
    "height": 1152,
    "file_size": 1048318,
    "uploaded_date": "2025-10-23T21:46:22.926Z"
  }
},
{
  "model": "blog.blogimage",
  "pk": 84,
  "fields": {
    "blog_post": 2,
    "image": "blog/gallery/Japanese Village_image2.jpg",
    "caption": "Gallery image for Japanese Village: Harmony Between Tradition and Modernity",
    "alt_text": "Gallery image 1",
    "order": 0,
    "width": 1600,
    "height": 900,
    "file_size": 284357,
    "uploaded_date": "2025-10-23T21:46:24.277Z"
  }
},
{
  "model": "blog.blogimage",
  "pk": 85,
  "fields": {
    "blog_post": 2,
    "image": "blog/gallery/Japanese Village_image3.jpg",
    "caption": "Gallery image for Japanese Village: Harmony Between Tradition and Modernity",
    "alt_text": "Gallery image 2",
    "order": 1,
    "width": 1600,
    "height": 900,
    "file_size": 278188,
    "uploaded_date": "2025-10-23T21:46:24.344Z"
  }
},
{
  "model": "blog.blogimage",
  "pk": 86,
  "fields": {
    "blog_post": 2,
    "image": "blog/gallery/Japanese Village_image4.jpg",
    "caption": "Gallery image for Japanese Village: Harmony Between Tradition and Modernity",
    "alt_text": "Gallery image 3",
    "order": 2,
    "width": 2048,
    "height": 1152,
    "file_size": 433797,
    "uploaded_date": "2025-10-23T21:46:24.403Z"
  }
},
{
  "model": "blog.blogimage",
  "pk": 87,
  "fields": {
    "blog_post": 2,
    "image": "blog/gallery/Japanese Village_image5.jpg",
    "caption": "Gallery image for Japanese Village: Harmony Between Tradition and Modernity",
    "alt_text": "Gallery image 4",
    "order": 3,
    "width": 2048,
    "height": 1152,
    "file_size": 311404,
    "uploaded_date": "2025-10-23T21:46:24.481Z"
  }
},
{
  "model": "blog.blogimage",
  "pk": 88,
  "fields": {
    "blog_post": 2,
    "image": "blog/gallery/Japanese Village_image6.jpg",
    "caption": "Gallery image for Japanese Village: Harmony Between Tradition and Modernity",
    "alt_text": "Gallery image 5",
    "order": 4,
    "width": 2048,
    "height": 2048,
    "file_size": 602501,
    "uploaded_date": "2025-10-23T21:46:24.562Z"
  }
},
{
  "model": "blog.blogimage",
  "pk": 89,
  "fields": {
    "blog_post": 1,
    "image": "blog/gallery/Beauty Salon_image2.jpg",
    "caption": "Gallery image for Beauty Salon: Modern Elegance in Commercial Design",
    "alt_text": "Gallery image 1",
    "order": 0,
    "width": 1434,
    "height": 2048,
    "file_size": 402953,
    "uploaded_date": "2025-10-23T21:46:25.278Z"
  }
},
{
  "model": "blog.blogimage",
  "pk": 90,
  "fields": {
    "blog_post": 1,
    "image": "blog/gallery/Beauty Salon_image3.jpg",
    "caption": "Gallery image for Beauty Salon: Modern Elegance in Commercial Design",
    "alt_text": "Gallery image 2",
    "order": 1,
    "width": 2048,
    "height": 1024,
    "file_size": 140504,
    "uploaded_date": "2025-10-23T21:46:25.344Z"
  }
},
{
  "model": "blog.blogimage",
  "pk": 91,
  "fields": {
    "blog_post": 1,
    "image": "blog/gallery/Beauty Salon_image4.jpg",
    "caption": "Gallery image for Beauty Salon: Modern Elegance in Commercial Design",
    "alt_text": "Gallery image 3",
    "order": 2,
    "width": 1434,
    "height": 2048,
    "file_size": 111905,
    "uploaded_date": "2025-10-23T21:46:25.410Z"
  }
},
{
  "model": "blog.blogimage",
  "pk": 92,
  "fields": {
    "blog_post": 12,
    "image": "blog/gallery/arki.avif",
    "caption": "",
    "alt_text": "",
    "order": 0,
    "width": 626,
    "height": 417,
    "file_size": 7356,
    "uploaded_date": "2025-10-24T02:06:35.799Z"
  }
},
{
  "model": "blog.blogimage",
  "pk": 93,
  "fields": {
    "blog_post": 14,
    "image": "blog/gallery/arki_SSluixz.avif",
    "caption": "",
    "alt_text": "",
    "order": 0,
    "width": 626,
    "height": 417,
    "file_size": 7356,
    "uploaded_date": "2025-10-24T22:23:41.860Z"
  }
},
{
  "model": "blog.blogimage",
  "pk": 94,
  "fields": {
    "blog_post": 15,
    "image": "blog/gallery/arkiii.jpg",
    "caption": "",
    "alt_text": "",
    "order": 0,
    "width": 626,
    "height": 351,
    "file_size": 17896,
    "uploaded_date": "2025-10-24T22:30:14.245Z"
  }
},
{
  "model": "blog.blogimage",
  "pk": 95,
  "fields": {
    "blog_post": 16,
    "image": "blog/gallery/engineer.avif",
    "caption": "",
    "alt_text": "",
    "order": 0,
    "width": 626,
    "height": 417,
    "file_size": 7356,
    "uploaded_date": "2025-10-24T22:33:33.127Z"
  }
},
{
  "model": "blog.contentimage",
  "pk": 1,
  "fields": {
    "blog_post": 13,
    "image": "blog/content/arkiii.jpg",
    "alt_text": "Blog content image",
    "caption": "",
    "uploaded_date": "2025-10-24T22:23:36.381Z"
  }
},
{
  "model": "blog.newslettersubscriber",
  "pk": 1,
  "fields": {
    "email": "rideouts199@gmail.com",
    "name": "",
    "is_active": true,
    "subscribed_date": "2025-10-24T07:28:28.279Z",
    "unsubscribed_date": null,
    "confirmation_token": "f222654c-beba-4f0d-be28-754379fdd02b",
    "is_confirmed": true,
    "weekly_digest": true,
    "new_posts": true,
    "featured_posts": true,
    "open_count": 0,
    "click_count": 0,
    "last_opened": null
  }
},
{
  "model": "blog.newslettersubscriber",
  "pk": 2,
  "fields": {
    "email": "sebastiankennethreyesbeltran@gmail.com",
    "name": "",
    "is_active": true,
    "subscribed_date": "2025-10-24T21:33:30.797Z",
    "unsubscribed_date": null,
    "confirmation_token": "ba161dcf-2d49-4098-9bbe-1f251a8723c1",
    "is_confirmed": false,
    "weekly_digest": true,
    "new_posts": true,
    "featured_posts": true,
    "open_count": 0,
    "click_count": 0,
    "last_opened": null
  }
},
{
  "model": "blog.newslettersubscriber",
  "pk": 3,
  "fields": {
    "email": "demesis221@gmail.com",
    "name": "",
    "is_active": true,
    "subscribed_date": "2025-10-24T21:34:47.893Z",
    "unsubscribed_date": null,
    "confirmation_token": "deddcccc-d6dd-49fd-9ed5-0efbea36d5c3",
    "is_confirmed": true,
    "weekly_digest": true,
    "new_posts": true,
    "featured_posts": true,
    "open_count": 0,
    "click_count": 0,
    "last_opened": null
  }
},
{
  "model": "blog.newslettersubscriber",
  "pk": 4,
  "fields": {
    "email": "ernestojrbeltran16@gmail.com",
    "name": "",
    "is_active": true,
    "subscribed_date": "2025-10-24T21:38:00.337Z",
    "unsubscribed_date": null,
    "confirmation_token": "7fc9c7be-dd6c-4815-95a2-12fadfac4eff",
    "is_confirmed": true,
    "weekly_digest": true,
    "new_posts": true,
    "featured_posts": true,
    "open_count": 0,
    "click_count": 0,
    "last_opened": null
  }
},
{
  "model": "blog.newslettersubscriber",
  "pk": 5,
  "fields": {
    "email": "rideouts161@gmail.com",
    "name": "",
    "is_active": true,
    "subscribed_date": "2025-10-24T21:57:53.708Z",
    "unsubscribed_date": null,
    "confirmation_token": "c290ba53-7fc2-4e28-ac0d-f194dcc721c2",
    "is_confirmed": false,
    "weekly_digest": true,
    "new_posts": true,
    "featured_posts": true,
    "open_count": 0,
    "click_count": 0,
    "last_opened": null
  }
},
{
  "model": "blog.newslettersubscriber",
  "pk": 6,
  "fields": {
    "email": "sensitivity161@gmail.com",
    "name": "",
    "is_active": true,
    "subscribed_date": "2025-10-24T22:04:38.909Z",
    "unsubscribed_date": null,
    "confirmation_token": "e63efdfb-565c-435c-a9da-a494ed1ab531",
    "is_confirmed": false,
    "weekly_digest": true,
    "new_posts": true,
    "featured_posts": true,
    "open_count": 0,
    "click_count": 0,
    "last_opened": null
  }
},
{
  "model": "blog.newslettersubscriber",
  "pk": 7,
  "fields": {
    "email": "reyesdionchristian@gmail.com",
    "name": "",
    "is_active": true,
    "subscribed_date": "2025-10-25T06:56:41.592Z",
    "unsubscribed_date": null,
    "confirmation_token": "74659c64-5aab-490b-8527-f0d5c2be6636",
    "is_confirmed": true,
    "weekly_digest": true,
    "new_posts": true,
    "featured_posts": true,
    "open_count": 0,
    "click_count": 0,
    "last_opened": null
  }
},
{
  "model": "blog.newslettercampaign",
  "pk": 1,
  "fields": {
    "title": "New Post: asd",
    "subject": "New Article: asd - Triple G BuildHub",
    "content": "Check out our latest article: asd",
    "campaign_type": "new_post",
    "status": "sent",
    "created_date": "2025-10-24T22:38:01.171Z",
    "scheduled_date": null,
    "sent_date": "2025-10-24T22:38:11.254Z",
    "total_sent": 3,
    "total_opened": 0,
    "total_clicked": 0,
    "blog_post": 18
  }
},
{
  "model": "blog.newslettercampaign",
  "pk": 2,
  "fields": {
    "title": "New Post: test news 2",
    "subject": "New Article: test news 2 - Triple G BuildHub",
    "content": "Check out our latest article: test news 2",
    "campaign_type": "new_post",
    "status": "sent",
    "created_date": "2025-10-24T22:42:12.553Z",
    "scheduled_date": null,
    "sent_date": "2025-10-24T22:42:23.135Z",
    "total_sent": 3,
    "total_opened": 0,
    "total_clicked": 0,
    "blog_post": 19
  }
},
{
  "model": "blog.newslettercampaign",
  "pk": 3,
  "fields": {
    "title": "New Post: new template",
    "subject": "New Article: new template - Triple G BuildHub",
    "content": "Check out our latest article: new template",
    "campaign_type": "new_post",
    "status": "sent",
    "created_date": "2025-10-25T06:29:17.054Z",
    "scheduled_date": null,
    "sent_date": "2025-10-25T06:29:29.084Z",
    "total_sent": 3,
    "total_opened": 0,
    "total_clicked": 0,
    "blog_post": 20
  }
},
{
  "model": "blog.newslettercampaign",
  "pk": 4,
  "fields": {
    "title": "New Post: asdf",
    "subject": "New Article: asdf - Triple G BuildHub",
    "content": "Check out our latest article: asdf",
    "campaign_type": "new_post",
    "status": "sent",
    "created_date": "2025-10-25T06:32:37.916Z",
    "scheduled_date": null,
    "sent_date": "2025-10-25T06:32:50.124Z",
    "total_sent": 3,
    "total_opened": 0,
    "total_clicked": 0,
    "blog_post": 21
  }
},
{
  "model": "blog.newslettercampaign",
  "pk": 5,
  "fields": {
    "title": "New Post: diondi",
    "subject": "New Article: diondi - Triple G BuildHub",
    "content": "Check out our latest article: diondi",
    "campaign_type": "new_post",
    "status": "sent",
    "created_date": "2025-10-25T07:01:00.412Z",
    "scheduled_date": null,
    "sent_date": "2025-10-25T07:01:16.126Z",
    "total_sent": 4,
    "total_opened": 0,
    "total_clicked": 0,
    "blog_post": 22
  }
},
{
  "model": "blog.newslettercampaign",
  "pk": 6,
  "fields": {
    "title": "New Post: BLOG ARTICLE TRIPLE G",
    "subject": "New Article: BLOG ARTICLE TRIPLE G - Triple G BuildHub",
    "content": "Check out our latest article: BLOG ARTICLE TRIPLE G",
    "campaign_type": "new_post",
    "status": "sent",
    "created_date": "2025-10-25T10:31:20.139Z",
    "scheduled_date": null,
    "sent_date": "2025-10-25T10:31:35.207Z",
    "total_sent": 4,
    "total_opened": 0,
    "total_clicked": 0,
    "blog_post": 23
  }
},
{
  "model": "blog.newslettercampaign",
  "pk": 7,
  "fields": {
    "title": "New Post: kani testing",
    "subject": "New Article: kani testing - Triple G BuildHub",
    "content": "Check out our latest article: kani testing",
    "campaign_type": "new_post",
    "status": "sent",
    "created_date": "2025-11-01T05:48:31.897Z",
    "scheduled_date": null,
    "sent_date": "2025-11-01T05:48:46.001Z",
    "total_sent": 4,
    "total_opened": 0,
    "total_clicked": 0,
    "blog_post": 25
  }
},
{
  "model": "chatbot.chatbotmessage",
  "pk": 1,
  "fields": {
    "name": "leemrnc",
    "email": "leemrnc@gmail.com",
    "phone": "09935112712",
    "message": "sdfgdsafg",
    "status": "new",
    "created_at": "2025-10-23T03:45:01.075Z"
  }
},
{
  "model": "chatbot.chatbotmessage",
  "pk": 6,
  "fields": {
    "name": "test-msg-ernesto",
    "email": "ernesto@gmail.com",
    "phone": "0999123123",
    "message": "sdagasdg",
    "status": "read",
    "created_at": "2025-10-23T20:31:26.921Z"
  }
},
{
  "model": "chatbot.chatbotmessage",
  "pk": 7,
  "fields": {
    "name": "test-test",
    "email": "test@gmail.com",
    "phone": "09935112712",
    "message": "sdfsad",
    "status": "new",
    "created_at": "2025-10-23T20:59:47.947Z"
  }
},
{
  "model": "axes.accesslog",
  "pk": 1,
  "fields": {
    "user_agent": "Mozilla/5.0 (Windows NT 10.0; Win64; x64) AppleWebKit/537.36 (KHTML, like Gecko) Chrome/141.0.0.0 Safari/537.36",
    "ip_address": "127.0.0.1",
    "username": "admin",
    "http_accept": "text/html,application/xhtml+xml,application/xml;q=0.9,image/avif,image/webp,image/apng,*/*;q=0.8,application/signed-exchange;v=b3;q=0.7",
    "path_info": "/admin/login/",
    "attempt_time": "2025-10-20T20:24:19.837Z",
    "logout_time": null,
    "session_hash": "12dbe0ec2eb33516586f53a9cf640d2a8e1054b7792169b6f43cdb60ee0dcab8"
  }
},
{
  "model": "axes.accesslog",
  "pk": 2,
  "fields": {
    "user_agent": "Mozilla/5.0 (Windows NT 10.0; Win64; x64) AppleWebKit/537.36 (KHTML, like Gecko) Chrome/141.0.0.0 Safari/537.36",
    "ip_address": "127.0.0.1",
    "username": "rideouts200221@gmail.com",
    "http_accept": "text/html,application/xhtml+xml,application/xml;q=0.9,image/avif,image/webp,image/apng,*/*;q=0.8,application/signed-exchange;v=b3;q=0.7",
    "path_info": "/accounts/sitemanager/login/",
    "attempt_time": "2025-10-20T20:26:25.940Z",
    "logout_time": null,
    "session_hash": "baf6536af20159ad9638fada19928f55f00695a883e5586f4bc22142e9be57c1"
  }
},
{
  "model": "axes.accesslog",
  "pk": 3,
  "fields": {
    "user_agent": "Mozilla/5.0 (Windows NT 10.0; Win64; x64) AppleWebKit/537.36 (KHTML, like Gecko) Chrome/141.0.0.0 Safari/537.36",
    "ip_address": "127.0.0.1",
    "username": "sensitivity161@gmail.com",
    "http_accept": "text/html,application/xhtml+xml,application/xml;q=0.9,image/avif,image/webp,image/apng,*/*;q=0.8,application/signed-exchange;v=b3;q=0.7",
    "path_info": "/accounts/admin-auth/login/",
    "attempt_time": "2025-10-20T20:46:36.877Z",
    "logout_time": null,
    "session_hash": "3b34841478ec13ed6a12a8f893da5e6f3174010a4eb22529da3c044a3d5d5049"
  }
},
{
  "model": "axes.accesslog",
  "pk": 4,
  "fields": {
    "user_agent": "Mozilla/5.0 (Windows NT 10.0; Win64; x64) AppleWebKit/537.36 (KHTML, like Gecko) Chrome/141.0.0.0 Safari/537.36",
    "ip_address": "127.0.0.1",
    "username": "rideouts200221@gmail.com",
    "http_accept": "text/html,application/xhtml+xml,application/xml;q=0.9,image/avif,image/webp,image/apng,*/*;q=0.8,application/signed-exchange;v=b3;q=0.7",
    "path_info": "/accounts/sitemanager/login/",
    "attempt_time": "2025-10-20T22:52:19.537Z",
    "logout_time": null,
    "session_hash": "936bcce8a6c75dc894213e0b9053853c89520b7e336d5e5c7cee09a522fa3876"
  }
},
{
  "model": "axes.accesslog",
  "pk": 5,
  "fields": {
    "user_agent": "Mozilla/5.0 (Windows NT 10.0; Win64; x64) AppleWebKit/537.36 (KHTML, like Gecko) Chrome/141.0.0.0 Safari/537.36",
    "ip_address": "127.0.0.1",
    "username": "admin",
    "http_accept": "text/html,application/xhtml+xml,application/xml;q=0.9,image/avif,image/webp,image/apng,*/*;q=0.8,application/signed-exchange;v=b3;q=0.7",
    "path_info": "/admin/login/",
    "attempt_time": "2025-10-20T22:56:41.300Z",
    "logout_time": null,
    "session_hash": "64656b6db234c99a612f8de2a4510f7a569a31a8c1ad64c10c1c2fffa7815c00"
  }
},
{
  "model": "axes.accesslog",
  "pk": 6,
  "fields": {
    "user_agent": "Mozilla/5.0 (Windows NT 10.0; Win64; x64) AppleWebKit/537.36 (KHTML, like Gecko) Chrome/141.0.0.0 Safari/537.36",
    "ip_address": "127.0.0.1",
    "username": "admin",
    "http_accept": "text/html,application/xhtml+xml,application/xml;q=0.9,image/avif,image/webp,image/apng,*/*;q=0.8,application/signed-exchange;v=b3;q=0.7",
    "path_info": "/admin/login/",
    "attempt_time": "2025-10-21T06:23:53.195Z",
    "logout_time": null,
    "session_hash": "d5a69d5b9e514f7c382d10a9db64b355cd151f3cbd70dff19888b0f36c86c10a"
  }
},
{
  "model": "axes.accesslog",
  "pk": 7,
  "fields": {
    "user_agent": "Mozilla/5.0 (Windows NT 10.0; Win64; x64) AppleWebKit/537.36 (KHTML, like Gecko) Chrome/141.0.0.0 Safari/537.36",
    "ip_address": "127.0.0.1",
    "username": "admin",
    "http_accept": "text/html,application/xhtml+xml,application/xml;q=0.9,image/avif,image/webp,image/apng,*/*;q=0.8,application/signed-exchange;v=b3;q=0.7",
    "path_info": "/admin/login/",
    "attempt_time": "2025-10-21T06:41:57.850Z",
    "logout_time": "2025-10-21T07:59:10.857Z",
    "session_hash": "de1b65635fe4b29eb9326a9dc237b98f22a2b6a302eaf95bb11e4a6bbd8b5c04"
  }
},
{
  "model": "axes.accesslog",
  "pk": 8,
  "fields": {
    "user_agent": "Mozilla/5.0 (Windows NT 10.0; Win64; x64) AppleWebKit/537.36 (KHTML, like Gecko) Chrome/141.0.0.0 Safari/537.36",
    "ip_address": "127.0.0.1",
    "username": "admin",
    "http_accept": "text/html,application/xhtml+xml,application/xml;q=0.9,image/avif,image/webp,image/apng,*/*;q=0.8,application/signed-exchange;v=b3;q=0.7",
    "path_info": "/admin/login/",
    "attempt_time": "2025-10-21T06:47:14.336Z",
    "logout_time": null,
    "session_hash": "91ca8239b313744feb58a67ecc4f0f7c84f6f16a19bd7464398f6a07cedf9a87"
  }
},
{
  "model": "axes.accesslog",
  "pk": 9,
  "fields": {
    "user_agent": "Mozilla/5.0 (Windows NT 10.0; Win64; x64) AppleWebKit/537.36 (KHTML, like Gecko) Chrome/141.0.0.0 Safari/537.36",
    "ip_address": "127.0.0.1",
    "username": "admin",
    "http_accept": "text/html,application/xhtml+xml,application/xml;q=0.9,image/avif,image/webp,image/apng,*/*;q=0.8,application/signed-exchange;v=b3;q=0.7",
    "path_info": "/admin/login/",
    "attempt_time": "2025-10-21T06:47:15.601Z",
    "logout_time": null,
    "session_hash": "a6170f8c2c87d4b14ab76b4ebb9d5ae85df9bcd031873f2189402d72b8e0cca1"
  }
},
{
  "model": "axes.accesslog",
  "pk": 10,
  "fields": {
    "user_agent": "Mozilla/5.0 (Windows NT 10.0; Win64; x64) AppleWebKit/537.36 (KHTML, like Gecko) Chrome/141.0.0.0 Safari/537.36",
    "ip_address": "127.0.0.1",
    "username": "sensitivity161@gmail.com",
    "http_accept": "text/html,application/xhtml+xml,application/xml;q=0.9,image/avif,image/webp,image/apng,*/*;q=0.8,application/signed-exchange;v=b3;q=0.7",
    "path_info": "/accounts/admin-auth/login/",
    "attempt_time": "2025-10-21T06:49:16.990Z",
    "logout_time": null,
    "session_hash": "95781d990956d30b6ff8e4ab638fab70d50d2b0223a349e4bf3141d498356ff3"
  }
},
{
  "model": "axes.accesslog",
  "pk": 11,
  "fields": {
    "user_agent": "Mozilla/5.0 (Windows NT 10.0; Win64; x64) AppleWebKit/537.36 (KHTML, like Gecko) Chrome/141.0.0.0 Safari/537.36",
    "ip_address": "127.0.0.1",
    "username": "admin",
    "http_accept": "text/html,application/xhtml+xml,application/xml;q=0.9,image/avif,image/webp,image/apng,*/*;q=0.8,application/signed-exchange;v=b3;q=0.7",
    "path_info": "/admin/login/",
    "attempt_time": "2025-10-21T06:59:11.275Z",
    "logout_time": "2025-10-21T07:38:28.291Z",
    "session_hash": "05b459531b1b4b8b413a27ee0d4fe1b236140fdd56451419d52d6acf625ce608"
  }
},
{
  "model": "axes.accesslog",
  "pk": 12,
  "fields": {
    "user_agent": "Mozilla/5.0 (Windows NT 10.0; Win64; x64) AppleWebKit/537.36 (KHTML, like Gecko) Chrome/141.0.0.0 Safari/537.36",
    "ip_address": "127.0.0.1",
    "username": "admin",
    "http_accept": "text/html,application/xhtml+xml,application/xml;q=0.9,image/avif,image/webp,image/apng,*/*;q=0.8,application/signed-exchange;v=b3;q=0.7",
    "path_info": "/admin/login/",
    "attempt_time": "2025-10-21T07:19:47.374Z",
    "logout_time": "2025-10-21T08:07:17.066Z",
    "session_hash": "21327f737ba7fc65b81d69cb7377da3847a46fadb67d1b9fe3e916ac7aad70dd"
  }
},
{
  "model": "axes.accesslog",
  "pk": 13,
  "fields": {
    "user_agent": "Mozilla/5.0 (Windows NT 10.0; Win64; x64) AppleWebKit/537.36 (KHTML, like Gecko) Chrome/141.0.0.0 Safari/537.36",
    "ip_address": "127.0.0.1",
    "username": "admin",
    "http_accept": "text/html,application/xhtml+xml,application/xml;q=0.9,image/avif,image/webp,image/apng,*/*;q=0.8,application/signed-exchange;v=b3;q=0.7",
    "path_info": "/admin/login/",
    "attempt_time": "2025-10-21T07:36:26.513Z",
    "logout_time": null,
    "session_hash": "1387a8c6ba049c712b53af4a0367907109c14d80d4c7e30246c1ca882cdd2d30"
  }
},
{
  "model": "axes.accesslog",
  "pk": 14,
  "fields": {
    "user_agent": "Mozilla/5.0 (Windows NT 10.0; Win64; x64) AppleWebKit/537.36 (KHTML, like Gecko) Chrome/141.0.0.0 Safari/537.36",
    "ip_address": "127.0.0.1",
    "username": "roeljamesdelapena@gmail.com",
    "http_accept": "text/html,application/xhtml+xml,application/xml;q=0.9,image/avif,image/webp,image/apng,*/*;q=0.8,application/signed-exchange;v=b3;q=0.7",
    "path_info": "/accounts/client/login/",
    "attempt_time": "2025-10-21T07:46:16.985Z",
    "logout_time": null,
    "session_hash": "392aac328486338f9a4d3bf4fa45b6ee2902c3ceeed5861a4dbbfd32da8d0262"
  }
},
{
  "model": "axes.accesslog",
  "pk": 15,
  "fields": {
    "user_agent": "Mozilla/5.0 (Windows NT 10.0; Win64; x64) AppleWebKit/537.36 (KHTML, like Gecko) Chrome/141.0.0.0 Safari/537.36",
    "ip_address": "127.0.0.1",
    "username": "admin",
    "http_accept": "text/html,application/xhtml+xml,application/xml;q=0.9,image/avif,image/webp,image/apng,*/*;q=0.8,application/signed-exchange;v=b3;q=0.7",
    "path_info": "/admin/login/",
    "attempt_time": "2025-10-21T07:59:17.010Z",
    "logout_time": null,
    "session_hash": "f33954e70900d285e40e9ab757698b4a22be1b84adefb405a86baf09a402b381"
  }
},
{
  "model": "axes.accesslog",
  "pk": 16,
  "fields": {
    "user_agent": "Mozilla/5.0 (Windows NT 10.0; Win64; x64) AppleWebKit/537.36 (KHTML, like Gecko) Chrome/141.0.0.0 Safari/537.36",
    "ip_address": "127.0.0.1",
    "username": "roeljamesdelapena@gmail.com",
    "http_accept": "text/html,application/xhtml+xml,application/xml;q=0.9,image/avif,image/webp,image/apng,*/*;q=0.8,application/signed-exchange;v=b3;q=0.7",
    "path_info": "/accounts/client/login/",
    "attempt_time": "2025-10-21T08:07:28.375Z",
    "logout_time": null,
    "session_hash": "f901647c4ada40c88f8f3cd84ef9b0da100a4628bc87bb28f66b88ffa02e60aa"
  }
},
{
  "model": "axes.accesslog",
  "pk": 17,
  "fields": {
    "user_agent": "Mozilla/5.0 (Windows NT 10.0; Win64; x64) AppleWebKit/537.36 (KHTML, like Gecko) Chrome/141.0.0.0 Safari/537.36",
    "ip_address": "127.0.0.1",
    "username": "rideouts200221@gmail.com",
    "http_accept": "text/html,application/xhtml+xml,application/xml;q=0.9,image/avif,image/webp,image/apng,*/*;q=0.8,application/signed-exchange;v=b3;q=0.7",
    "path_info": "/accounts/sitemanager/login/",
    "attempt_time": "2025-10-21T08:16:18.825Z",
    "logout_time": "2025-10-21T13:14:38.006Z",
    "session_hash": "ac345d583742bd6900762c3c3508854ef9f220cb8bffabf0ce06a03e15c3fe63"
  }
},
{
  "model": "axes.accesslog",
  "pk": 18,
  "fields": {
    "user_agent": "Mozilla/5.0 (Windows NT 10.0; Win64; x64) AppleWebKit/537.36 (KHTML, like Gecko) Chrome/141.0.0.0 Safari/537.36",
    "ip_address": "127.0.0.1",
    "username": "sensitivity161@gmail.com",
    "http_accept": "text/html,application/xhtml+xml,application/xml;q=0.9,image/avif,image/webp,image/apng,*/*;q=0.8,application/signed-exchange;v=b3;q=0.7",
    "path_info": "/accounts/admin-auth/login/",
    "attempt_time": "2025-10-21T08:31:07.812Z",
    "logout_time": null,
    "session_hash": "ea9607f1ccf7fc4b4ccfe6719268ca92ee1410fd5bbf3e446e065e3dc9dead9e"
  }
},
{
  "model": "axes.accesslog",
  "pk": 19,
  "fields": {
    "user_agent": "Mozilla/5.0 (Windows NT 10.0; Win64; x64) AppleWebKit/537.36 (KHTML, like Gecko) Chrome/141.0.0.0 Safari/537.36",
    "ip_address": "127.0.0.1",
    "username": "sensitivity161@gmail.com",
    "http_accept": "text/html,application/xhtml+xml,application/xml;q=0.9,image/avif,image/webp,image/apng,*/*;q=0.8,application/signed-exchange;v=b3;q=0.7",
    "path_info": "/accounts/admin-auth/login/",
    "attempt_time": "2025-10-21T08:42:39.407Z",
    "logout_time": null,
    "session_hash": "41c36437ccefdfd049c53af2344b38e99bfc29611b214b33059585cc7bad08ea"
  }
},
{
  "model": "axes.accesslog",
  "pk": 20,
  "fields": {
    "user_agent": "Mozilla/5.0 (Windows NT 10.0; Win64; x64) AppleWebKit/537.36 (KHTML, like Gecko) Chrome/141.0.0.0 Safari/537.36",
    "ip_address": "127.0.0.1",
    "username": "rideouts200221@gmail.com",
    "http_accept": "text/html,application/xhtml+xml,application/xml;q=0.9,image/avif,image/webp,image/apng,*/*;q=0.8,application/signed-exchange;v=b3;q=0.7",
    "path_info": "/accounts/client/login/",
    "attempt_time": "2025-10-21T09:36:46.016Z",
    "logout_time": null,
    "session_hash": "357fbaa9e2d4ac821ef364c6353370cd214f53e10e1a8d8aebd1ca6221705867"
  }
},
{
  "model": "axes.accesslog",
  "pk": 21,
  "fields": {
    "user_agent": "Mozilla/5.0 (Windows NT 10.0; Win64; x64) AppleWebKit/537.36 (KHTML, like Gecko) Chrome/141.0.0.0 Safari/537.36",
    "ip_address": "127.0.0.1",
    "username": "admin",
    "http_accept": "text/html,application/xhtml+xml,application/xml;q=0.9,image/avif,image/webp,image/apng,*/*;q=0.8,application/signed-exchange;v=b3;q=0.7",
    "path_info": "/admin/login/",
    "attempt_time": "2025-10-21T11:05:15.674Z",
    "logout_time": null,
    "session_hash": "2704269d122697b016f60bd36898c44cec79e8372a3ef07f4c1e9a75f8c42341"
  }
},
{
  "model": "axes.accesslog",
  "pk": 22,
  "fields": {
    "user_agent": "Mozilla/5.0 (Windows NT 10.0; Win64; x64) AppleWebKit/537.36 (KHTML, like Gecko) Chrome/141.0.0.0 Safari/537.36",
    "ip_address": "127.0.0.1",
    "username": "rideouts200221@gmail.com",
    "http_accept": "text/html,application/xhtml+xml,application/xml;q=0.9,image/avif,image/webp,image/apng,*/*;q=0.8,application/signed-exchange;v=b3;q=0.7",
    "path_info": "/accounts/sitemanager/login/",
    "attempt_time": "2025-10-21T13:15:15.951Z",
    "logout_time": null,
    "session_hash": "46535d2840b524e4bc07f7647e46f10fdb88bebda24f3025f9702d8e8408a9a2"
  }
},
{
  "model": "axes.accesslog",
  "pk": 23,
  "fields": {
    "user_agent": "Mozilla/5.0 (Windows NT 10.0; Win64; x64) AppleWebKit/537.36 (KHTML, like Gecko) Chrome/141.0.0.0 Safari/537.36",
    "ip_address": "127.0.0.1",
    "username": "admin",
    "http_accept": "text/html,application/xhtml+xml,application/xml;q=0.9,image/avif,image/webp,image/apng,*/*;q=0.8,application/signed-exchange;v=b3;q=0.7",
    "path_info": "/admin/login/",
    "attempt_time": "2025-10-21T15:14:09.618Z",
    "logout_time": null,
    "session_hash": "766eb32d28db621b8791be6d1a8e1c8c489d5a5d6ea31d9e2ff5b48687ad1480"
  }
},
{
  "model": "axes.accesslog",
  "pk": 24,
  "fields": {
    "user_agent": "Mozilla/5.0 (Windows NT 10.0; Win64; x64) AppleWebKit/537.36 (KHTML, like Gecko) Chrome/141.0.0.0 Safari/537.36",
    "ip_address": "127.0.0.1",
    "username": "rideouts200221@gmail.com",
    "http_accept": "text/html,application/xhtml+xml,application/xml;q=0.9,image/avif,image/webp,image/apng,*/*;q=0.8,application/signed-exchange;v=b3;q=0.7",
    "path_info": "/accounts/sitemanager/login/",
    "attempt_time": "2025-10-21T15:23:59.727Z",
    "logout_time": "2025-10-26T06:04:38.377Z",
    "session_hash": "2fe03bdb4181c7423f4dc00c4435a238ddabd4f203aeea14da2ee7fa1066a777"
  }
},
{
  "model": "axes.accesslog",
  "pk": 25,
  "fields": {
    "user_agent": "<unknown>",
    "ip_address": null,
    "username": "testuser",
    "http_accept": "<unknown>",
    "path_info": "<unknown>",
    "attempt_time": "2025-10-22T09:29:17.569Z",
    "logout_time": null,
    "session_hash": "98626e8e1b81cf8d9794df4cc55c27831987a554e3ccd476a2a7195fabed22b1"
  }
},
{
  "model": "axes.accesslog",
  "pk": 26,
  "fields": {
    "user_agent": "Mozilla/5.0 (Windows NT 10.0; Win64; x64) AppleWebKit/537.36 (KHTML, like Gecko) Chrome/141.0.0.0 Safari/537.36",
    "ip_address": "127.0.0.1",
    "username": "admin",
    "http_accept": "text/html,application/xhtml+xml,application/xml;q=0.9,image/avif,image/webp,image/apng,*/*;q=0.8,application/signed-exchange;v=b3;q=0.7",
    "path_info": "/admin/login/",
    "attempt_time": "2025-10-22T10:16:08.823Z",
    "logout_time": null,
    "session_hash": "e2a84d46b94a734c617c53a84a539c79284c654d98ff059f6d7ffd6cc68ff1ab"
  }
},
{
  "model": "axes.accesslog",
  "pk": 27,
  "fields": {
    "user_agent": "Mozilla/5.0 (Windows NT 10.0; Win64; x64) AppleWebKit/537.36 (KHTML, like Gecko) Chrome/141.0.0.0 Safari/537.36",
    "ip_address": "127.0.0.1",
    "username": "rideouts199@gmail.com",
    "http_accept": "text/html,application/xhtml+xml,application/xml;q=0.9,image/avif,image/webp,image/apng,*/*;q=0.8,application/signed-exchange;v=b3;q=0.7",
    "path_info": "/accounts/client/login/",
    "attempt_time": "2025-10-22T11:07:53.056Z",
    "logout_time": "2025-10-24T01:06:51.360Z",
    "session_hash": "46399d904b30289c8594310f5cdf020521a326aa47a3585b2afe408813c2531f"
  }
},
{
  "model": "axes.accesslog",
  "pk": 28,
  "fields": {
    "user_agent": "Mozilla/5.0 (Windows NT 10.0; Win64; x64) AppleWebKit/537.36 (KHTML, like Gecko) Chrome/141.0.0.0 Safari/537.36",
    "ip_address": "127.0.0.1",
    "username": "sensitivity161@gmail.com",
    "http_accept": "text/html,application/xhtml+xml,application/xml;q=0.9,image/avif,image/webp,image/apng,*/*;q=0.8,application/signed-exchange;v=b3;q=0.7",
    "path_info": "/accounts/admin-auth/login/",
    "attempt_time": "2025-10-22T13:03:46.061Z",
    "logout_time": null,
    "session_hash": "8ecfc0c5c9e5f9d4e2ff566cf5462ab2c0547d20adbcc36ae00d2de1b92eadba"
  }
},
{
  "model": "axes.accesslog",
  "pk": 29,
  "fields": {
    "user_agent": "Mozilla/5.0 (Windows NT 10.0; Win64; x64) AppleWebKit/537.36 (KHTML, like Gecko) Chrome/141.0.0.0 Safari/537.36",
    "ip_address": "127.0.0.1",
    "username": "admin",
    "http_accept": "text/html,application/xhtml+xml,application/xml;q=0.9,image/avif,image/webp,image/apng,*/*;q=0.8,application/signed-exchange;v=b3;q=0.7",
    "path_info": "/admin/login/",
    "attempt_time": "2025-10-22T15:07:16.273Z",
    "logout_time": null,
    "session_hash": "c7f0512169985508942468ae8516128d0ee1d6a45e24f70945bd499a5d001615"
  }
},
{
  "model": "axes.accesslog",
  "pk": 30,
  "fields": {
    "user_agent": "Mozilla/5.0 (Windows NT 10.0; Win64; x64) AppleWebKit/537.36 (KHTML, like Gecko) Chrome/141.0.0.0 Safari/537.36",
    "ip_address": "127.0.0.1",
    "username": "sensitivity161@gmail.com",
    "http_accept": "text/html,application/xhtml+xml,application/xml;q=0.9,image/avif,image/webp,image/apng,*/*;q=0.8,application/signed-exchange;v=b3;q=0.7",
    "path_info": "/accounts/admin-auth/login/",
    "attempt_time": "2025-10-22T15:57:58.358Z",
    "logout_time": null,
    "session_hash": "f54a8b2c71f56067f1657a0f31614f9d4764bb6f9ecee2d81a86885cad94a56f"
  }
},
{
  "model": "axes.accesslog",
  "pk": 31,
  "fields": {
    "user_agent": "Mozilla/5.0 (Windows NT 10.0; Win64; x64) AppleWebKit/537.36 (KHTML, like Gecko) Chrome/141.0.0.0 Safari/537.36",
    "ip_address": "127.0.0.1",
    "username": "admin",
    "http_accept": "text/html,application/xhtml+xml,application/xml;q=0.9,image/avif,image/webp,image/apng,*/*;q=0.8,application/signed-exchange;v=b3;q=0.7",
    "path_info": "/admin/login/",
    "attempt_time": "2025-10-22T20:29:52.615Z",
    "logout_time": null,
    "session_hash": "304950f0b40fd048443d57ff2be5225aa70a90570a198e14899a572b63281cd3"
  }
},
{
  "model": "axes.accesslog",
  "pk": 32,
  "fields": {
    "user_agent": "Mozilla/5.0 (Windows NT 10.0; Win64; x64) AppleWebKit/537.36 (KHTML, like Gecko) Chrome/141.0.0.0 Safari/537.36",
    "ip_address": "127.0.0.1",
    "username": "sensitivity161@gmail.com",
    "http_accept": "text/html,application/xhtml+xml,application/xml;q=0.9,image/avif,image/webp,image/apng,*/*;q=0.8,application/signed-exchange;v=b3;q=0.7",
    "path_info": "/accounts/admin-auth/login/",
    "attempt_time": "2025-10-22T23:24:56.231Z",
    "logout_time": null,
    "session_hash": "78d2403ecfe7174268f28447721df0a556368a02a5e606fb175bfd4e5248e4e1"
  }
},
{
  "model": "axes.accesslog",
  "pk": 33,
  "fields": {
    "user_agent": "Mozilla/5.0 (Windows NT 10.0; Win64; x64) AppleWebKit/537.36 (KHTML, like Gecko) Chrome/141.0.0.0 Safari/537.36",
    "ip_address": "127.0.0.1",
    "username": "sensitivity161@gmail.com",
    "http_accept": "text/html,application/xhtml+xml,application/xml;q=0.9,image/avif,image/webp,image/apng,*/*;q=0.8,application/signed-exchange;v=b3;q=0.7",
    "path_info": "/accounts/admin-auth/login/",
    "attempt_time": "2025-10-23T00:30:40.264Z",
    "logout_time": null,
    "session_hash": "8ba8cd9feeb723caad4f1c2d5be7d91bcacb5a65e1232a7ddb40462611e992a3"
  }
},
{
  "model": "axes.accesslog",
  "pk": 34,
  "fields": {
    "user_agent": "Mozilla/5.0 (Windows NT 10.0; Win64; x64) AppleWebKit/537.36 (KHTML, like Gecko) Chrome/141.0.0.0 Safari/537.36",
    "ip_address": "127.0.0.1",
    "username": "sensitivity161@gmail.com",
    "http_accept": "text/html,application/xhtml+xml,application/xml;q=0.9,image/avif,image/webp,image/apng,*/*;q=0.8,application/signed-exchange;v=b3;q=0.7",
    "path_info": "/accounts/admin-auth/login/",
    "attempt_time": "2025-10-23T00:33:53.924Z",
    "logout_time": null,
    "session_hash": "3f27fb193e06fe3990af3776af1e5c7c52cb0c6534f8a1ad45f73127e5c89edf"
  }
},
{
  "model": "axes.accesslog",
  "pk": 35,
  "fields": {
    "user_agent": "Mozilla/5.0 (Windows NT 10.0; Win64; x64) AppleWebKit/537.36 (KHTML, like Gecko) Chrome/141.0.0.0 Safari/537.36",
    "ip_address": "127.0.0.1",
    "username": "sensitivity161@gmail.com",
    "http_accept": "text/html,application/xhtml+xml,application/xml;q=0.9,image/avif,image/webp,image/apng,*/*;q=0.8,application/signed-exchange;v=b3;q=0.7",
    "path_info": "/accounts/admin-auth/login/",
    "attempt_time": "2025-10-23T01:52:59.489Z",
    "logout_time": null,
    "session_hash": "d0b873084a9bc1f1d1930784795adba8a15ac7998b89cd9a89b475bf103f0957"
  }
},
{
  "model": "axes.accesslog",
  "pk": 36,
  "fields": {
    "user_agent": "Mozilla/5.0 (Windows NT 10.0; Win64; x64) AppleWebKit/537.36 (KHTML, like Gecko) Chrome/141.0.0.0 Safari/537.36",
    "ip_address": "127.0.0.1",
    "username": "sensitivity161@gmail.com",
    "http_accept": "text/html,application/xhtml+xml,application/xml;q=0.9,image/avif,image/webp,image/apng,*/*;q=0.8,application/signed-exchange;v=b3;q=0.7",
    "path_info": "/accounts/admin-auth/login/",
    "attempt_time": "2025-10-23T03:33:52.621Z",
    "logout_time": null,
    "session_hash": "3eaae356e0554ba240aab67d84aeecf21af4446804d2b4c99ed70d0ff08e8ae3"
  }
},
{
  "model": "axes.accesslog",
  "pk": 37,
  "fields": {
    "user_agent": "Mozilla/5.0 (Windows NT 10.0; Win64; x64) AppleWebKit/537.36 (KHTML, like Gecko) Chrome/141.0.0.0 Safari/537.36 Edg/141.0.0.0",
    "ip_address": "127.0.0.1",
    "username": "sensitivity161@gmail.com",
    "http_accept": "text/html,application/xhtml+xml,application/xml;q=0.9,image/avif,image/webp,image/apng,*/*;q=0.8,application/signed-exchange;v=b3;q=0.7",
    "path_info": "/accounts/admin-auth/login/",
    "attempt_time": "2025-10-23T03:36:04.843Z",
    "logout_time": null,
    "session_hash": "94a36b993a820d2de8bb4886c654304499a69b7068fe4701fff7f64d83c6f08f"
  }
},
{
  "model": "axes.accesslog",
  "pk": 38,
  "fields": {
    "user_agent": "Mozilla/5.0 (Windows NT 10.0; Win64; x64) AppleWebKit/537.36 (KHTML, like Gecko) Chrome/141.0.0.0 Safari/537.36",
    "ip_address": "127.0.0.1",
    "username": "sensitivity161@gmail.com",
    "http_accept": "text/html,application/xhtml+xml,application/xml;q=0.9,image/avif,image/webp,image/apng,*/*;q=0.8,application/signed-exchange;v=b3;q=0.7",
    "path_info": "/accounts/admin-auth/login/",
    "attempt_time": "2025-10-23T03:43:18.333Z",
    "logout_time": null,
    "session_hash": "3f353138f3cfcd7feea86f8ad4bdfcae3a0201bee7b1a70b040bc7ad37e3b52f"
  }
},
{
  "model": "axes.accesslog",
  "pk": 39,
  "fields": {
    "user_agent": "Mozilla/5.0 (Windows NT 10.0; Win64; x64) AppleWebKit/537.36 (KHTML, like Gecko) Chrome/141.0.0.0 Safari/537.36",
    "ip_address": "127.0.0.1",
    "username": "sensitivity161@gmail.com",
    "http_accept": "text/html,application/xhtml+xml,application/xml;q=0.9,image/avif,image/webp,image/apng,*/*;q=0.8,application/signed-exchange;v=b3;q=0.7",
    "path_info": "/accounts/admin-auth/login/",
    "attempt_time": "2025-10-23T03:44:18.751Z",
    "logout_time": null,
    "session_hash": "412a2af58f862b58f9625e554d866c1f7ab2624cea7645859aa9af1b2301ca35"
  }
},
{
  "model": "axes.accesslog",
  "pk": 40,
  "fields": {
    "user_agent": "Mozilla/5.0 (Windows NT 10.0; Win64; x64) AppleWebKit/537.36 (KHTML, like Gecko) Chrome/141.0.0.0 Safari/537.36",
    "ip_address": "127.0.0.1",
    "username": "sensitivity161@gmail.com",
    "http_accept": "text/html,application/xhtml+xml,application/xml;q=0.9,image/avif,image/webp,image/apng,*/*;q=0.8,application/signed-exchange;v=b3;q=0.7",
    "path_info": "/accounts/admin-auth/login/",
    "attempt_time": "2025-10-23T03:53:57.476Z",
    "logout_time": null,
    "session_hash": "7cc3347c0321606c7b08091722b9d71c46bf51db3c9bf0d5138ceaed52bbe600"
  }
},
{
  "model": "axes.accesslog",
  "pk": 41,
  "fields": {
    "user_agent": "Mozilla/5.0 (Windows NT 10.0; Win64; x64) AppleWebKit/537.36 (KHTML, like Gecko) Chrome/141.0.0.0 Safari/537.36",
    "ip_address": "127.0.0.1",
    "username": "reyesdionchristian@gmail.com",
    "http_accept": "text/html,application/xhtml+xml,application/xml;q=0.9,image/avif,image/webp,image/apng,*/*;q=0.8,application/signed-exchange;v=b3;q=0.7",
    "path_info": "/accounts/client/login/",
    "attempt_time": "2025-10-23T04:37:32.321Z",
    "logout_time": null,
    "session_hash": "edd6628f85c276a01f3b3769c6b5621df309eda8028b3bd11163383fe9266605"
  }
},
{
  "model": "axes.accesslog",
  "pk": 42,
  "fields": {
    "user_agent": "Mozilla/5.0 (Windows NT 10.0; Win64; x64) AppleWebKit/537.36 (KHTML, like Gecko) Chrome/141.0.0.0 Safari/537.36",
    "ip_address": "127.0.0.1",
    "username": "admin",
    "http_accept": "text/html,application/xhtml+xml,application/xml;q=0.9,image/avif,image/webp,image/apng,*/*;q=0.8,application/signed-exchange;v=b3;q=0.7",
    "path_info": "/admin/login/",
    "attempt_time": "2025-10-23T13:42:42.073Z",
    "logout_time": null,
    "session_hash": "54017fed380ede39cdf3174e0c508a8820a9775a1cfbdb6be2b5e7f3925b71c9"
  }
},
{
  "model": "axes.accesslog",
  "pk": 43,
  "fields": {
    "user_agent": "Mozilla/5.0 (Windows NT 10.0; Win64; x64) AppleWebKit/537.36 (KHTML, like Gecko) Chrome/141.0.0.0 Safari/537.36",
    "ip_address": "127.0.0.1",
    "username": "admin",
    "http_accept": "text/html,application/xhtml+xml,application/xml;q=0.9,image/avif,image/webp,image/apng,*/*;q=0.8,application/signed-exchange;v=b3;q=0.7",
    "path_info": "/admin/login/",
    "attempt_time": "2025-10-23T15:15:57.355Z",
    "logout_time": null,
    "session_hash": "87052d771b7020f45cab65806d00c86c5ac9504f0d479c13e39d0cc930ff01dc"
  }
},
{
  "model": "axes.accesslog",
  "pk": 44,
  "fields": {
    "user_agent": "Mozilla/5.0 (Windows NT 10.0; Win64; x64) AppleWebKit/537.36 (KHTML, like Gecko) Chrome/141.0.0.0 Safari/537.36",
    "ip_address": "127.0.0.1",
    "username": "sensitivity161@gmail.com",
    "http_accept": "text/html,application/xhtml+xml,application/xml;q=0.9,image/avif,image/webp,image/apng,*/*;q=0.8,application/signed-exchange;v=b3;q=0.7",
    "path_info": "/accounts/admin-auth/login/",
    "attempt_time": "2025-10-23T18:39:07.192Z",
    "logout_time": null,
    "session_hash": "a2aebcaedb2f1dd969da24cf684ebb7c8cf5da0c04c616e85583f0c625cbbd23"
  }
},
{
  "model": "axes.accesslog",
  "pk": 45,
  "fields": {
    "user_agent": "Mozilla/5.0 (Windows NT 10.0; Win64; x64) AppleWebKit/537.36 (KHTML, like Gecko) Chrome/141.0.0.0 Safari/537.36",
    "ip_address": "127.0.0.1",
    "username": "admin",
    "http_accept": "text/html,application/xhtml+xml,application/xml;q=0.9,image/avif,image/webp,image/apng,*/*;q=0.8,application/signed-exchange;v=b3;q=0.7",
    "path_info": "/admin/login/",
    "attempt_time": "2025-10-23T18:51:33.238Z",
    "logout_time": null,
    "session_hash": "efa61ee16fc552a22883dc5eaedd3fed7a500e1cfb7ba43969bc6f2a88738fc5"
  }
},
{
  "model": "axes.accesslog",
  "pk": 46,
  "fields": {
    "user_agent": "Mozilla/5.0 (Windows NT 10.0; Win64; x64) AppleWebKit/537.36 (KHTML, like Gecko) Chrome/141.0.0.0 Safari/537.36",
    "ip_address": "127.0.0.1",
    "username": "sensitivity161@gmail.com",
    "http_accept": "text/html,application/xhtml+xml,application/xml;q=0.9,image/avif,image/webp,image/apng,*/*;q=0.8,application/signed-exchange;v=b3;q=0.7",
    "path_info": "/accounts/admin-auth/login/",
    "attempt_time": "2025-10-23T20:30:22.907Z",
    "logout_time": null,
    "session_hash": "e3a3f17a2559905280ab57bbcedd17d6b3fdc776ab5834e9b1ae90775d24783f"
  }
},
{
  "model": "axes.accesslog",
  "pk": 47,
  "fields": {
    "user_agent": "Mozilla/5.0 (Windows NT 10.0; Win64; x64) AppleWebKit/537.36 (KHTML, like Gecko) Chrome/141.0.0.0 Safari/537.36",
    "ip_address": "127.0.0.1",
    "username": "sensitivity161@gmail.com",
    "http_accept": "text/html,application/xhtml+xml,application/xml;q=0.9,image/avif,image/webp,image/apng,*/*;q=0.8,application/signed-exchange;v=b3;q=0.7",
    "path_info": "/accounts/admin-auth/login/",
    "attempt_time": "2025-10-23T20:45:31.294Z",
    "logout_time": null,
    "session_hash": "64dcd74188a48f565c617bde15519991fe618fa552662ce464c84f7a15e47d1f"
  }
},
{
  "model": "axes.accesslog",
  "pk": 48,
  "fields": {
    "user_agent": "Mozilla/5.0 (Windows NT 10.0; Win64; x64) AppleWebKit/537.36 (KHTML, like Gecko) Chrome/141.0.0.0 Safari/537.36",
    "ip_address": "127.0.0.1",
    "username": "sensitivity161@gmail.com",
    "http_accept": "text/html,application/xhtml+xml,application/xml;q=0.9,image/avif,image/webp,image/apng,*/*;q=0.8,application/signed-exchange;v=b3;q=0.7",
    "path_info": "/accounts/admin-auth/login/",
    "attempt_time": "2025-10-23T21:14:43.016Z",
    "logout_time": null,
    "session_hash": "7fc8e139c86aad136aeb1bd9ad701ec96a4c0ff5a5de2fe7e114b32ea501dfe7"
  }
},
{
  "model": "axes.accesslog",
  "pk": 49,
  "fields": {
    "user_agent": "Mozilla/5.0 (Windows NT 10.0; Win64; x64) AppleWebKit/537.36 (KHTML, like Gecko) Chrome/141.0.0.0 Safari/537.36",
    "ip_address": "127.0.0.1",
    "username": "admin",
    "http_accept": "text/html,application/xhtml+xml,application/xml;q=0.9,image/avif,image/webp,image/apng,*/*;q=0.8,application/signed-exchange;v=b3;q=0.7",
    "path_info": "/admin/login/",
    "attempt_time": "2025-10-23T21:56:09.184Z",
    "logout_time": null,
    "session_hash": "2183b214c8ad8525130eb87e563fbb4a2efb33f6fc3ad5acdf9614a2944676a3"
  }
},
{
  "model": "axes.accesslog",
  "pk": 50,
  "fields": {
    "user_agent": "Mozilla/5.0 (Windows NT 10.0; Win64; x64) AppleWebKit/537.36 (KHTML, like Gecko) Chrome/141.0.0.0 Safari/537.36",
    "ip_address": "127.0.0.1",
    "username": "sensitivity161@gmail.com",
    "http_accept": "text/html,application/xhtml+xml,application/xml;q=0.9,image/avif,image/webp,image/apng,*/*;q=0.8,application/signed-exchange;v=b3;q=0.7",
    "path_info": "/accounts/admin-auth/login/",
    "attempt_time": "2025-10-23T22:06:33.194Z",
    "logout_time": null,
    "session_hash": "21fd2775cb8dcc1d016f6811335c5f098cd28cb6d6ac0f183f80e39473055980"
  }
},
{
  "model": "axes.accesslog",
  "pk": 51,
  "fields": {
    "user_agent": "Mozilla/5.0 (Windows NT 10.0; Win64; x64) AppleWebKit/537.36 (KHTML, like Gecko) Chrome/141.0.0.0 Safari/537.36",
    "ip_address": "127.0.0.1",
    "username": "sensitivity161@gmail.com",
    "http_accept": "text/html,application/xhtml+xml,application/xml;q=0.9,image/avif,image/webp,image/apng,*/*;q=0.8,application/signed-exchange;v=b3;q=0.7",
    "path_info": "/accounts/admin-auth/login/",
    "attempt_time": "2025-10-23T22:08:16.641Z",
    "logout_time": null,
    "session_hash": "66674b96bb7c489e4ba541491994f1580d6a5486a09aa9ef406575c63b0f4c70"
  }
},
{
  "model": "axes.accesslog",
  "pk": 52,
  "fields": {
    "user_agent": "Mozilla/5.0 (Windows NT 10.0; Win64; x64) AppleWebKit/537.36 (KHTML, like Gecko) Chrome/141.0.0.0 Safari/537.36",
    "ip_address": "127.0.0.1",
    "username": "rideouts199@gmail.com",
    "http_accept": "text/html,application/xhtml+xml,application/xml;q=0.9,image/avif,image/webp,image/apng,*/*;q=0.8,application/signed-exchange;v=b3;q=0.7",
    "path_info": "/accounts/client/login/",
    "attempt_time": "2025-10-24T01:07:21.569Z",
    "logout_time": "2025-10-24T21:53:16.914Z",
    "session_hash": "25b03cfbe19c700b94d6a96e1bf760d6f53435762f98fdb0d3536a0196ed07f7"
  }
},
{
  "model": "axes.accesslog",
  "pk": 53,
  "fields": {
    "user_agent": "Mozilla/5.0 (Windows NT 10.0; Win64; x64) AppleWebKit/537.36 (KHTML, like Gecko) Chrome/141.0.0.0 Safari/537.36",
    "ip_address": "127.0.0.1",
    "username": "janney10getubig@gmail.com",
    "http_accept": "text/html,application/xhtml+xml,application/xml;q=0.9,image/avif,image/webp,image/apng,*/*;q=0.8,application/signed-exchange;v=b3;q=0.7",
    "path_info": "/accounts/client/login/",
    "attempt_time": "2025-10-24T01:18:21.473Z",
    "logout_time": null,
    "session_hash": "1f2f93f36c0b49c818213574c0d04356f337efcbb4afb0293593a66b8bf200e5"
  }
},
{
  "model": "axes.accesslog",
  "pk": 54,
  "fields": {
    "user_agent": "Mozilla/5.0 (Windows NT 10.0; Win64; x64) AppleWebKit/537.36 (KHTML, like Gecko) Chrome/141.0.0.0 Safari/537.36",
    "ip_address": "127.0.0.1",
    "username": "admin",
    "http_accept": "text/html,application/xhtml+xml,application/xml;q=0.9,image/avif,image/webp,image/apng,*/*;q=0.8,application/signed-exchange;v=b3;q=0.7",
    "path_info": "/admin/login/",
    "attempt_time": "2025-10-24T01:36:37.466Z",
    "logout_time": null,
    "session_hash": "8eca765765a729b67b6b70e5707d7667bf1b33f8869e0e7fe0ff7ae7485f3ecc"
  }
},
{
  "model": "axes.accesslog",
  "pk": 55,
  "fields": {
    "user_agent": "Mozilla/5.0 (Windows NT 10.0; Win64; x64) AppleWebKit/537.36 (KHTML, like Gecko) Chrome/141.0.0.0 Safari/537.36",
    "ip_address": "127.0.0.1",
    "username": "melanie.albaracin45@gmail.com",
    "http_accept": "text/html,application/xhtml+xml,application/xml;q=0.9,image/avif,image/webp,image/apng,*/*;q=0.8,application/signed-exchange;v=b3;q=0.7",
    "path_info": "/accounts/sitemanager/login/",
    "attempt_time": "2025-10-24T01:48:13.799Z",
    "logout_time": null,
    "session_hash": "dd6eb1a83c9b07c41cb8382f6596687e0b68eef3ebec3a5dd309f3f31d8fa7d6"
  }
},
{
  "model": "axes.accesslog",
  "pk": 56,
  "fields": {
    "user_agent": "Mozilla/5.0 (Windows NT 10.0; Win64; x64) AppleWebKit/537.36 (KHTML, like Gecko) Chrome/141.0.0.0 Safari/537.36",
    "ip_address": "127.0.0.1",
    "username": "melanie.albaracin45@gmail.com",
    "http_accept": "text/html,application/xhtml+xml,application/xml;q=0.9,image/avif,image/webp,image/apng,*/*;q=0.8,application/signed-exchange;v=b3;q=0.7",
    "path_info": "/accounts/sitemanager/login/",
    "attempt_time": "2025-10-24T02:38:40.595Z",
    "logout_time": null,
    "session_hash": "d0708ecc317201662e681074aa9ad6a47c11a5c13b29944f5514f6e679ecc3f9"
  }
},
{
  "model": "axes.accesslog",
  "pk": 57,
  "fields": {
    "user_agent": "Mozilla/5.0 (Windows NT 10.0; Win64; x64) AppleWebKit/537.36 (KHTML, like Gecko) Chrome/141.0.0.0 Safari/537.36",
    "ip_address": "127.0.0.1",
    "username": "admin",
    "http_accept": "text/html,application/xhtml+xml,application/xml;q=0.9,image/avif,image/webp,image/apng,*/*;q=0.8,application/signed-exchange;v=b3;q=0.7",
    "path_info": "/admin/login/",
    "attempt_time": "2025-10-24T02:40:12.582Z",
    "logout_time": null,
    "session_hash": "40ba813ce9f2886ea70d6871dfe60daf6e4c9f101b56c64be63a85c20f47722c"
  }
},
{
  "model": "axes.accesslog",
  "pk": 58,
  "fields": {
    "user_agent": "Mozilla/5.0 (Windows NT 10.0; Win64; x64) AppleWebKit/537.36 (KHTML, like Gecko) Chrome/141.0.0.0 Safari/537.36",
    "ip_address": "127.0.0.1",
    "username": "admin",
    "http_accept": "text/html,application/xhtml+xml,application/xml;q=0.9,image/avif,image/webp,image/apng,*/*;q=0.8,application/signed-exchange;v=b3;q=0.7",
    "path_info": "/admin/login/",
    "attempt_time": "2025-10-24T21:40:22.845Z",
    "logout_time": null,
    "session_hash": "5a1938233fe9c79d93ba64fc0725d26dc4ab9e5ff455ff749657c632f6fa4e13"
  }
},
{
  "model": "axes.accesslog",
  "pk": 59,
  "fields": {
    "user_agent": "Mozilla/5.0 (Windows NT 10.0; Win64; x64) AppleWebKit/537.36 (KHTML, like Gecko) Chrome/141.0.0.0 Safari/537.36",
    "ip_address": "127.0.0.1",
    "username": "rideouts199@gmail.com",
    "http_accept": "text/html,application/xhtml+xml,application/xml;q=0.9,image/avif,image/webp,image/apng,*/*;q=0.8,application/signed-exchange;v=b3;q=0.7",
    "path_info": "/accounts/client/login/",
    "attempt_time": "2025-10-24T21:53:24.405Z",
    "logout_time": "2025-10-24T21:54:47.229Z",
    "session_hash": "361ab7c05cee20957a131979a7711c6bfbe22fc19b022a86237f095b12796a63"
  }
},
{
  "model": "axes.accesslog",
  "pk": 60,
  "fields": {
    "user_agent": "Mozilla/5.0 (Windows NT 10.0; Win64; x64) AppleWebKit/537.36 (KHTML, like Gecko) Chrome/141.0.0.0 Safari/537.36",
    "ip_address": "127.0.0.1",
    "username": "rideouts199@gmail.com",
    "http_accept": "text/html,application/xhtml+xml,application/xml;q=0.9,image/avif,image/webp,image/apng,*/*;q=0.8,application/signed-exchange;v=b3;q=0.7",
    "path_info": "/accounts/client/login/",
    "attempt_time": "2025-10-24T21:55:00.980Z",
    "logout_time": "2025-10-25T03:18:49.696Z",
    "session_hash": "f2a67c8f324eeea5af4a84674b40e2a8ef5113d78a3dc181dc41b2802bd2fc5d"
  }
},
{
  "model": "axes.accesslog",
  "pk": 61,
  "fields": {
    "user_agent": "Mozilla/5.0 (Windows NT 10.0; Win64; x64) AppleWebKit/537.36 (KHTML, like Gecko) Chrome/141.0.0.0 Safari/537.36",
    "ip_address": "127.0.0.1",
    "username": "admin",
    "http_accept": "text/html,application/xhtml+xml,application/xml;q=0.9,image/avif,image/webp,image/apng,*/*;q=0.8,application/signed-exchange;v=b3;q=0.7",
    "path_info": "/admin/login/",
    "attempt_time": "2025-10-25T02:44:01.072Z",
    "logout_time": null,
    "session_hash": "a7b7890c91652a6aaa3719fe42d462c6cc038122602226614d6c1597bbad6ff8"
  }
},
{
  "model": "axes.accesslog",
  "pk": 62,
  "fields": {
    "user_agent": "Mozilla/5.0 (Windows NT 10.0; Win64; x64) AppleWebKit/537.36 (KHTML, like Gecko) Chrome/141.0.0.0 Safari/537.36",
    "ip_address": "127.0.0.1",
    "username": "admin",
    "http_accept": "text/html,application/xhtml+xml,application/xml;q=0.9,image/avif,image/webp,image/apng,*/*;q=0.8,application/signed-exchange;v=b3;q=0.7",
    "path_info": "/admin/login/",
    "attempt_time": "2025-10-25T06:57:42.202Z",
    "logout_time": null,
    "session_hash": "e3852a5c37841642205dffcff733a45850c7ec8fb0777d2aa8f7e7099e39707b"
  }
},
{
  "model": "axes.accesslog",
  "pk": 63,
  "fields": {
    "user_agent": "Mozilla/5.0 (Windows NT 10.0; Win64; x64) AppleWebKit/537.36 (KHTML, like Gecko) Chrome/141.0.0.0 Safari/537.36",
    "ip_address": "127.0.0.1",
    "username": "rideouts199@gmail.com",
    "http_accept": "text/html,application/xhtml+xml,application/xml;q=0.9,image/avif,image/webp,image/apng,*/*;q=0.8,application/signed-exchange;v=b3;q=0.7",
    "path_info": "/accounts/client/login/",
    "attempt_time": "2025-10-25T09:56:02.734Z",
    "logout_time": null,
    "session_hash": "6844b02e8af418b6b822abce580bd1c1b5a69f85677252b1af50bf5fd1f3a998"
  }
},
{
  "model": "axes.accesslog",
  "pk": 64,
  "fields": {
    "user_agent": "Mozilla/5.0 (Windows NT 10.0; Win64; x64) AppleWebKit/537.36 (KHTML, like Gecko) Chrome/141.0.0.0 Safari/537.36",
    "ip_address": "127.0.0.1",
    "username": "admin",
    "http_accept": "text/html,application/xhtml+xml,application/xml;q=0.9,image/avif,image/webp,image/apng,*/*;q=0.8,application/signed-exchange;v=b3;q=0.7",
    "path_info": "/admin/login/",
    "attempt_time": "2025-10-26T05:27:21.393Z",
    "logout_time": null,
    "session_hash": "3f259952b5ca54b716a5d3ceef037663478ea71f5d57cf6795465ce6ee3125ab"
  }
},
{
  "model": "axes.accesslog",
  "pk": 65,
  "fields": {
    "user_agent": "Mozilla/5.0 (Windows NT 10.0; Win64; x64) AppleWebKit/537.36 (KHTML, like Gecko) Chrome/141.0.0.0 Safari/537.36",
    "ip_address": "127.0.0.1",
    "username": "rideouts200221@gmail.com",
    "http_accept": "text/html,application/xhtml+xml,application/xml;q=0.9,image/avif,image/webp,image/apng,*/*;q=0.8,application/signed-exchange;v=b3;q=0.7",
    "path_info": "/accounts/sitemanager/login/",
    "attempt_time": "2025-10-26T06:04:46.054Z",
    "logout_time": null,
    "session_hash": "003fd4bf1442eda5b44aee8a22b3c06371166a9ee0d049361be3bfe64b4391f0"
  }
},
{
  "model": "axes.accesslog",
  "pk": 66,
  "fields": {
    "user_agent": "Mozilla/5.0 (Windows NT 10.0; Win64; x64) AppleWebKit/537.36 (KHTML, like Gecko) Chrome/141.0.0.0 Safari/537.36",
    "ip_address": "127.0.0.1",
    "username": "rideouts200221@gmail.com",
    "http_accept": "text/html,application/xhtml+xml,application/xml;q=0.9,image/avif,image/webp,image/apng,*/*;q=0.8,application/signed-exchange;v=b3;q=0.7",
    "path_info": "/accounts/sitemanager/login/",
    "attempt_time": "2025-10-31T02:47:03.532Z",
    "logout_time": null,
    "session_hash": "e20ba0ae8582602e2cabeb3059ed0402fa96881a6d7a037fe6643dd04b20234f"
  }
},
{
  "model": "axes.accesslog",
  "pk": 67,
  "fields": {
    "user_agent": "Mozilla/5.0 (Windows NT 10.0; Win64; x64) AppleWebKit/537.36 (KHTML, like Gecko) Chrome/142.0.0.0 Safari/537.36",
    "ip_address": "127.0.0.1",
    "username": "melanie.albaracin45@gmail.com",
    "http_accept": "text/html,application/xhtml+xml,application/xml;q=0.9,image/avif,image/webp,image/apng,*/*;q=0.8,application/signed-exchange;v=b3;q=0.7",
    "path_info": "/accounts/sitemanager/login/",
    "attempt_time": "2025-11-01T05:35:30.425Z",
    "logout_time": null,
    "session_hash": "feff2740a669d376d84216c96e5e6e0675c1e31e4468b7fb4352c5818604eb94"
  }
},
{
  "model": "axes.accesslog",
  "pk": 68,
  "fields": {
    "user_agent": "Mozilla/5.0 (Windows NT 10.0; Win64; x64) AppleWebKit/537.36 (KHTML, like Gecko) Chrome/142.0.0.0 Safari/537.36",
    "ip_address": "127.0.0.1",
    "username": "rideouts200221@gmail.com",
    "http_accept": "text/html,application/xhtml+xml,application/xml;q=0.9,image/avif,image/webp,image/apng,*/*;q=0.8,application/signed-exchange;v=b3;q=0.7",
    "path_info": "/accounts/sitemanager/login/",
    "attempt_time": "2025-11-01T08:15:49.292Z",
    "logout_time": null,
    "session_hash": "f0cac51f5a3d9dd34af8b87fdeb1ee09234ab7c40acc57e9b428771a82265ee2"
  }
},
{
  "model": "admin.logentry",
  "pk": 1,
  "fields": {
    "action_time": "2025-10-20T20:44:40.642Z",
    "user": [
      "admin"
    ],
    "content_type": [
      "accounts",
      "sitemanagerprofile"
    ],
    "object_id": "2",
    "object_repr": "Triple G Design Studio - Site Manager",
    "action_flag": 3,
    "change_message": ""
  }
},
{
  "model": "admin.logentry",
  "pk": 2,
  "fields": {
    "action_time": "2025-10-20T20:49:19.973Z",
    "user": [
      "admin"
    ],
    "content_type": [
      "portfolio",
      "category"
    ],
    "object_id": "1",
    "object_repr": "Residential",
    "action_flag": 1,
    "change_message": "[{\"added\": {}}]"
  }
},
{
  "model": "admin.logentry",
  "pk": 3,
  "fields": {
    "action_time": "2025-10-20T20:49:50.655Z",
    "user": [
      "admin"
    ],
    "content_type": [
      "portfolio",
      "category"
    ],
    "object_id": "2",
    "object_repr": "commercial",
    "action_flag": 1,
    "change_message": "[{\"added\": {}}]"
  }
},
{
  "model": "admin.logentry",
  "pk": 4,
  "fields": {
    "action_time": "2025-10-20T20:50:00.572Z",
    "user": [
      "admin"
    ],
    "content_type": [
      "portfolio",
      "category"
    ],
    "object_id": "3",
    "object_repr": "industrial",
    "action_flag": 1,
    "change_message": "[{\"added\": {}}]"
  }
},
{
  "model": "admin.logentry",
  "pk": 5,
  "fields": {
    "action_time": "2025-10-21T08:41:59.395Z",
    "user": [
      "admin"
    ],
    "content_type": [
      "axes",
      "accessattempt"
    ],
    "object_id": "4",
    "object_repr": "Attempted Access: 2025-10-21 08:41:14.543103+00:00",
    "action_flag": 3,
    "change_message": ""
  }
},
{
  "model": "admin.logentry",
  "pk": 6,
  "fields": {
    "action_time": "2025-10-21T08:44:14.875Z",
    "user": [
      "admin"
    ],
    "content_type": [
      "accounts",
      "profile"
    ],
    "object_id": "2",
    "object_repr": "rideouts199@gmail.com - customer",
    "action_flag": 3,
    "change_message": ""
  }
},
{
  "model": "admin.logentry",
  "pk": 7,
  "fields": {
    "action_time": "2025-10-21T08:49:04.553Z",
    "user": [
      "admin"
    ],
    "content_type": [
      "accounts",
      "profile"
    ],
    "object_id": "12",
    "object_repr": "rideouts199@gmail.com - customer",
    "action_flag": 3,
    "change_message": ""
  }
},
{
  "model": "admin.logentry",
  "pk": 8,
  "fields": {
    "action_time": "2025-10-21T08:50:47.902Z",
    "user": [
      "admin"
    ],
    "content_type": [
      "accounts",
      "profile"
    ],
    "object_id": "13",
    "object_repr": "rideouts199@gmail.com - customer",
    "action_flag": 3,
    "change_message": ""
  }
},
{
  "model": "admin.logentry",
  "pk": 9,
  "fields": {
    "action_time": "2025-10-22T10:17:15.226Z",
    "user": [
      "admin"
    ],
    "content_type": [
      "site_diary",
      "project"
    ],
    "object_id": "6",
    "object_repr": "Test Project 2 - Test Client",
    "action_flag": 3,
    "change_message": ""
  }
},
{
  "model": "admin.logentry",
  "pk": 10,
  "fields": {
    "action_time": "2025-10-22T10:17:15.226Z",
    "user": [
      "admin"
    ],
    "content_type": [
      "site_diary",
      "project"
    ],
    "object_id": "5",
    "object_repr": "Test Project - Test Client",
    "action_flag": 3,
    "change_message": ""
  }
},
{
  "model": "admin.logentry",
  "pk": 11,
  "fields": {
    "action_time": "2025-10-22T10:17:15.226Z",
    "user": [
      "admin"
    ],
    "content_type": [
      "site_diary",
      "project"
    ],
    "object_id": "3",
    "object_repr": "test-diary-prj - leemrnc",
    "action_flag": 3,
    "change_message": ""
  }
},
{
  "model": "admin.logentry",
  "pk": 12,
  "fields": {
    "action_time": "2025-10-22T10:17:15.226Z",
    "user": [
      "admin"
    ],
    "content_type": [
      "site_diary",
      "project"
    ],
    "object_id": "2",
    "object_repr": "test-prj - leemrnc",
    "action_flag": 3,
    "change_message": ""
  }
},
{
  "model": "admin.logentry",
  "pk": 13,
  "fields": {
    "action_time": "2025-10-22T10:17:15.227Z",
    "user": [
      "admin"
    ],
    "content_type": [
      "site_diary",
      "project"
    ],
    "object_id": "1",
    "object_repr": "project 1 - roeljames delapena",
    "action_flag": 3,
    "change_message": ""
  }
},
{
  "model": "admin.logentry",
  "pk": 14,
  "fields": {
    "action_time": "2025-10-22T10:21:55.456Z",
    "user": [
      "admin"
    ],
    "content_type": [
      "accounts",
      "profile"
    ],
    "object_id": "14",
    "object_repr": "rideouts199@gmail.com - customer",
    "action_flag": 3,
    "change_message": ""
  }
},
{
  "model": "admin.logentry",
  "pk": 15,
  "fields": {
    "action_time": "2025-10-22T10:23:23.784Z",
    "user": [
      "admin"
    ],
    "content_type": [
      "accounts",
      "profile"
    ],
    "object_id": "15",
    "object_repr": "rideouts199@gmail.com - customer",
    "action_flag": 3,
    "change_message": ""
  }
},
{
  "model": "admin.logentry",
  "pk": 16,
  "fields": {
    "action_time": "2025-10-22T10:31:18.595Z",
    "user": [
      "admin"
    ],
    "content_type": [
      "accounts",
      "profile"
    ],
    "object_id": "16",
    "object_repr": "rideouts199@gmail.com - customer",
    "action_flag": 3,
    "change_message": ""
  }
},
{
  "model": "admin.logentry",
  "pk": 17,
  "fields": {
    "action_time": "2025-10-22T10:33:34.707Z",
    "user": [
      "admin"
    ],
    "content_type": [
      "accounts",
      "profile"
    ],
    "object_id": "17",
    "object_repr": "rideouts199@gmail.com - customer",
    "action_flag": 3,
    "change_message": ""
  }
},
{
  "model": "admin.logentry",
  "pk": 18,
  "fields": {
    "action_time": "2025-10-22T10:36:20.639Z",
    "user": [
      "admin"
    ],
    "content_type": [
      "accounts",
      "profile"
    ],
    "object_id": "18",
    "object_repr": "rideouts199@gmail.com - customer",
    "action_flag": 3,
    "change_message": ""
  }
},
{
  "model": "admin.logentry",
  "pk": 19,
  "fields": {
    "action_time": "2025-10-22T10:38:58.736Z",
    "user": [
      "admin"
    ],
    "content_type": [
      "accounts",
      "profile"
    ],
    "object_id": "19",
    "object_repr": "rideouts199@gmail.com - customer",
    "action_flag": 3,
    "change_message": ""
  }
},
{
  "model": "admin.logentry",
  "pk": 20,
  "fields": {
    "action_time": "2025-10-22T10:41:08.280Z",
    "user": [
      "admin"
    ],
    "content_type": [
      "accounts",
      "profile"
    ],
    "object_id": "20",
    "object_repr": "rideouts199@gmail.com - customer",
    "action_flag": 3,
    "change_message": ""
  }
},
{
  "model": "admin.logentry",
  "pk": 21,
  "fields": {
    "action_time": "2025-10-22T11:03:11.203Z",
    "user": [
      "admin"
    ],
    "content_type": [
      "accounts",
      "profile"
    ],
    "object_id": "21",
    "object_repr": "rideouts199@gmail.com - customer",
    "action_flag": 3,
    "change_message": ""
  }
},
{
  "model": "admin.logentry",
  "pk": 22,
  "fields": {
    "action_time": "2025-10-22T11:05:18.835Z",
    "user": [
      "admin"
    ],
    "content_type": [
      "accounts",
      "profile"
    ],
    "object_id": "22",
    "object_repr": "rideouts199@gmail.com - customer",
    "action_flag": 3,
    "change_message": ""
  }
},
{
  "model": "admin.logentry",
  "pk": 23,
  "fields": {
    "action_time": "2025-10-22T11:07:04.985Z",
    "user": [
      "admin"
    ],
    "content_type": [
      "accounts",
      "profile"
    ],
    "object_id": "23",
    "object_repr": "rideouts199@gmail.com - customer",
    "action_flag": 3,
    "change_message": ""
  }
},
{
  "model": "admin.logentry",
  "pk": 24,
  "fields": {
    "action_time": "2025-10-22T15:07:34.726Z",
    "user": [
      "admin"
    ],
    "content_type": [
      "site_diary",
      "diaryentry"
    ],
    "object_id": "11",
    "object_repr": "project 1 - 2025-10-22",
    "action_flag": 3,
    "change_message": ""
  }
},
{
  "model": "admin.logentry",
  "pk": 25,
  "fields": {
    "action_time": "2025-10-22T15:07:34.727Z",
    "user": [
      "admin"
    ],
    "content_type": [
      "site_diary",
      "diaryentry"
    ],
    "object_id": "10",
    "object_repr": "project 1 - 2025-10-22",
    "action_flag": 3,
    "change_message": ""
  }
},
{
  "model": "admin.logentry",
  "pk": 26,
  "fields": {
    "action_time": "2025-10-22T15:07:34.727Z",
    "user": [
      "admin"
    ],
    "content_type": [
      "site_diary",
      "diaryentry"
    ],
    "object_id": "9",
    "object_repr": "project 1 - 2025-10-22",
    "action_flag": 3,
    "change_message": ""
  }
},
{
  "model": "admin.logentry",
  "pk": 27,
  "fields": {
    "action_time": "2025-10-22T15:08:02.230Z",
    "user": [
      "admin"
    ],
    "content_type": [
      "site_diary",
      "project"
    ],
    "object_id": "9",
    "object_repr": "project 2 - ride outs",
    "action_flag": 2,
    "change_message": "[{\"changed\": {\"fields\": [\"Name\"]}}]"
  }
},
{
  "model": "admin.logentry",
  "pk": 28,
  "fields": {
    "action_time": "2025-10-22T15:08:14.318Z",
    "user": [
      "admin"
    ],
    "content_type": [
      "site_diary",
      "project"
    ],
    "object_id": "7",
    "object_repr": "project 3 - ride outs",
    "action_flag": 2,
    "change_message": "[{\"changed\": {\"fields\": [\"Name\"]}}]"
  }
},
{
  "model": "admin.logentry",
  "pk": 29,
  "fields": {
    "action_time": "2025-10-22T15:30:10.072Z",
    "user": [
      "admin"
    ],
    "content_type": [
      "site_diary",
      "project"
    ],
    "object_id": "9",
    "object_repr": "project 2 - ride outs",
    "action_flag": 3,
    "change_message": ""
  }
},
{
  "model": "admin.logentry",
  "pk": 30,
  "fields": {
    "action_time": "2025-10-22T15:30:10.072Z",
    "user": [
      "admin"
    ],
    "content_type": [
      "site_diary",
      "project"
    ],
    "object_id": "8",
    "object_repr": "project 1 - ride outs",
    "action_flag": 3,
    "change_message": ""
  }
},
{
  "model": "admin.logentry",
  "pk": 31,
  "fields": {
    "action_time": "2025-10-22T15:30:10.072Z",
    "user": [
      "admin"
    ],
    "content_type": [
      "site_diary",
      "project"
    ],
    "object_id": "7",
    "object_repr": "project 3 - ride outs",
    "action_flag": 3,
    "change_message": ""
  }
},
{
  "model": "admin.logentry",
  "pk": 32,
  "fields": {
    "action_time": "2025-10-22T19:44:30.067Z",
    "user": [
      "admin"
    ],
    "content_type": [
      "site_diary",
      "diaryentry"
    ],
    "object_id": "15",
    "object_repr": "project 3 - 2025-10-23",
    "action_flag": 3,
    "change_message": ""
  }
},
{
  "model": "admin.logentry",
  "pk": 33,
  "fields": {
    "action_time": "2025-10-22T19:44:30.067Z",
    "user": [
      "admin"
    ],
    "content_type": [
      "site_diary",
      "diaryentry"
    ],
    "object_id": "16",
    "object_repr": "project 3 - 2025-10-22",
    "action_flag": 3,
    "change_message": ""
  }
},
{
  "model": "admin.logentry",
  "pk": 34,
  "fields": {
    "action_time": "2025-10-22T19:44:31.195Z",
    "user": [
      "admin"
    ],
    "content_type": [
      "site_diary",
      "diaryentry"
    ],
    "object_id": "15",
    "object_repr": "project 3 - 2025-10-23",
    "action_flag": 3,
    "change_message": ""
  }
},
{
  "model": "admin.logentry",
  "pk": 35,
  "fields": {
    "action_time": "2025-10-22T19:44:31.195Z",
    "user": [
      "admin"
    ],
    "content_type": [
      "site_diary",
      "diaryentry"
    ],
    "object_id": "16",
    "object_repr": "project 3 - 2025-10-22",
    "action_flag": 3,
    "change_message": ""
  }
},
{
  "model": "admin.logentry",
  "pk": 36,
  "fields": {
    "action_time": "2025-10-22T20:35:11.778Z",
    "user": [
      "admin"
    ],
    "content_type": [
      "site_diary",
      "workertype"
    ],
    "object_id": "5",
    "object_repr": "tig hatag pan",
    "action_flag": 1,
    "change_message": "[{\"added\": {}}]"
  }
},
{
  "model": "admin.logentry",
  "pk": 37,
  "fields": {
    "action_time": "2025-10-22T20:36:37.241Z",
    "user": [
      "admin"
    ],
    "content_type": [
      "site_diary",
      "workertype"
    ],
    "object_id": "5",
    "object_repr": "tig hatag pan",
    "action_flag": 3,
    "change_message": ""
  }
},
{
  "model": "admin.logentry",
  "pk": 38,
  "fields": {
    "action_time": "2025-10-22T20:36:48.488Z",
    "user": [
      "admin"
    ],
    "content_type": [
      "site_diary",
      "workertype"
    ],
    "object_id": "4",
    "object_repr": "Subcontractor",
    "action_flag": 3,
    "change_message": ""
  }
},
{
  "model": "admin.logentry",
  "pk": 39,
  "fields": {
    "action_time": "2025-10-22T21:24:09.742Z",
    "user": [
      "admin"
    ],
    "content_type": [
      "site_diary",
      "diaryentry"
    ],
    "object_id": "18",
    "object_repr": "project 2 - 2025-10-22",
    "action_flag": 3,
    "change_message": ""
  }
},
{
  "model": "admin.logentry",
  "pk": 40,
  "fields": {
    "action_time": "2025-10-22T21:24:09.742Z",
    "user": [
      "admin"
    ],
    "content_type": [
      "site_diary",
      "diaryentry"
    ],
    "object_id": "17",
    "object_repr": "project 3 - 2025-10-22",
    "action_flag": 3,
    "change_message": ""
  }
},
{
  "model": "admin.logentry",
  "pk": 41,
  "fields": {
    "action_time": "2025-10-22T22:08:08.428Z",
    "user": [
      "admin"
    ],
    "content_type": [
      "site_diary",
      "diaryentry"
    ],
    "object_id": "19",
    "object_repr": "project 3 - 2025-10-22",
    "action_flag": 3,
    "change_message": ""
  }
},
{
  "model": "admin.logentry",
  "pk": 42,
  "fields": {
    "action_time": "2025-10-22T22:31:01.374Z",
    "user": [
      "admin"
    ],
    "content_type": [
      "site_diary",
      "diaryentry"
    ],
    "object_id": "22",
    "object_repr": "project 3 - 2025-10-22",
    "action_flag": 3,
    "change_message": ""
  }
},
{
  "model": "admin.logentry",
  "pk": 43,
  "fields": {
    "action_time": "2025-10-22T22:31:01.374Z",
    "user": [
      "admin"
    ],
    "content_type": [
      "site_diary",
      "diaryentry"
    ],
    "object_id": "21",
    "object_repr": "project 2 - 2025-10-22",
    "action_flag": 3,
    "change_message": ""
  }
},
{
  "model": "admin.logentry",
  "pk": 44,
  "fields": {
    "action_time": "2025-10-22T22:31:01.374Z",
    "user": [
      "admin"
    ],
    "content_type": [
      "site_diary",
      "diaryentry"
    ],
    "object_id": "20",
    "object_repr": "project 1 - 2025-10-22",
    "action_flag": 3,
    "change_message": ""
  }
},
{
  "model": "admin.logentry",
  "pk": 45,
  "fields": {
    "action_time": "2025-10-23T15:16:31.733Z",
    "user": [
      "admin"
    ],
    "content_type": [
      "site_diary",
      "diaryentry"
    ],
    "object_id": "24",
    "object_repr": "project 3 - 2025-10-23",
    "action_flag": 3,
    "change_message": ""
  }
},
{
  "model": "admin.logentry",
  "pk": 46,
  "fields": {
    "action_time": "2025-10-23T20:23:00.069Z",
    "user": [
      "admin"
    ],
    "content_type": [
      "site_diary",
      "diaryentry"
    ],
    "object_id": "26",
    "object_repr": "project 2 - 2025-10-23",
    "action_flag": 3,
    "change_message": ""
  }
},
{
  "model": "admin.logentry",
  "pk": 47,
  "fields": {
    "action_time": "2025-10-23T20:32:06.638Z",
    "user": [
      "admin"
    ],
    "content_type": [
      "site_diary",
      "diaryentry"
    ],
    "object_id": "27",
    "object_repr": "project 2 - 2025-10-23",
    "action_flag": 3,
    "change_message": ""
  }
},
{
  "model": "admin.logentry",
  "pk": 48,
  "fields": {
    "action_time": "2025-10-23T20:43:00.842Z",
    "user": [
      "admin"
    ],
    "content_type": [
      "site_diary",
      "diaryentry"
    ],
    "object_id": "28",
    "object_repr": "project 2 - 2025-10-23",
    "action_flag": 3,
    "change_message": ""
  }
},
{
  "model": "admin.logentry",
  "pk": 49,
  "fields": {
    "action_time": "2025-10-23T20:48:38.727Z",
    "user": [
      "admin"
    ],
    "content_type": [
      "site_diary",
      "diaryentry"
    ],
    "object_id": "29",
    "object_repr": "project 2 - 2025-10-23",
    "action_flag": 3,
    "change_message": ""
  }
},
{
  "model": "admin.logentry",
  "pk": 50,
  "fields": {
    "action_time": "2025-10-23T20:51:03.590Z",
    "user": [
      "admin"
    ],
    "content_type": [
      "site_diary",
      "diaryentry"
    ],
    "object_id": "30",
    "object_repr": "project 2 - 2025-10-23",
    "action_flag": 3,
    "change_message": ""
  }
},
{
  "model": "admin.logentry",
  "pk": 51,
  "fields": {
    "action_time": "2025-10-23T21:00:09.850Z",
    "user": [
      "admin"
    ],
    "content_type": [
      "site_diary",
      "diaryentry"
    ],
    "object_id": "31",
    "object_repr": "project 2 - 2025-10-23",
    "action_flag": 3,
    "change_message": ""
  }
},
{
  "model": "admin.logentry",
  "pk": 52,
  "fields": {
    "action_time": "2025-10-23T21:02:22.793Z",
    "user": [
      "admin"
    ],
    "content_type": [
      "site_diary",
      "diaryentry"
    ],
    "object_id": "32",
    "object_repr": "project 2 - 2025-10-23",
    "action_flag": 3,
    "change_message": ""
  }
},
{
  "model": "admin.logentry",
  "pk": 53,
  "fields": {
    "action_time": "2025-10-23T22:35:01.467Z",
    "user": [
      "admin"
    ],
    "content_type": [
      "portfolio",
      "project"
    ],
    "object_id": "2",
    "object_repr": "compu (2026)",
    "action_flag": 3,
    "change_message": ""
  }
},
{
  "model": "admin.logentry",
  "pk": 54,
  "fields": {
    "action_time": "2025-10-23T22:35:01.468Z",
    "user": [
      "admin"
    ],
    "content_type": [
      "portfolio",
      "project"
    ],
    "object_id": "1",
    "object_repr": "4-Storey Dormitel Building (2025)",
    "action_flag": 3,
    "change_message": ""
  }
},
{
  "model": "admin.logentry",
  "pk": 55,
  "fields": {
    "action_time": "2025-10-24T03:39:18.147Z",
    "user": [
      "admin"
    ],
    "content_type": [
      "site_diary",
      "project"
    ],
    "object_id": "16",
    "object_repr": "roseproject - jane rose",
    "action_flag": 3,
    "change_message": ""
  }
},
{
  "model": "admin.logentry",
  "pk": 56,
  "fields": {
    "action_time": "2025-10-24T03:39:18.147Z",
    "user": [
      "admin"
    ],
    "content_type": [
      "site_diary",
      "project"
    ],
    "object_id": "15",
    "object_repr": "janeproject - jane rose",
    "action_flag": 3,
    "change_message": ""
  }
},
{
  "model": "admin.logentry",
  "pk": 57,
  "fields": {
    "action_time": "2025-10-24T03:39:18.147Z",
    "user": [
      "admin"
    ],
    "content_type": [
      "site_diary",
      "project"
    ],
    "object_id": "14",
    "object_repr": "janeproject - jane rose",
    "action_flag": 3,
    "change_message": ""
  }
},
{
  "model": "admin.logentry",
  "pk": 58,
  "fields": {
    "action_time": "2025-10-24T03:39:18.147Z",
    "user": [
      "admin"
    ],
    "content_type": [
      "site_diary",
      "project"
    ],
    "object_id": "13",
    "object_repr": "janeproject - jane rose",
    "action_flag": 3,
    "change_message": ""
  }
}
]
