[{"model": "auth.user", "fields": {"password": "pbkdf2_sha256$1000000$sPmUEFfhr1Nj2Al42AUhtw$eAplTlIQ/SZd80GSy18kd+sY7TGIdkXQ/T+sj9sLHjo=", "last_login": "2025-10-20T22:56:41.139Z", "is_superuser": true, "username": "admin", "first_name": "", "last_name": "", "email": "", "is_staff": true, "is_active": true, "date_joined": "2025-10-20T20:24:05.299Z", "groups": [], "user_permissions": []}}, {"model": "auth.user", "fields": {"password": "pbkdf2_sha256$1000000$yS4qoY5JN4DymasjeMDksM$rTgAxv7MEu13/nrcVuEvzkqwXL0V5pBEurd8wtmPIO0=", "last_login": "2025-10-20T22:52:19.443Z", "is_superuser": false, "username": "rideouts200221@gmail.com", "first_name": "Triple G", "last_name": "Design Studio", "email": "rideouts200221@gmail.com", "is_staff": false, "is_active": true, "date_joined": "2025-10-20T20:25:02.298Z", "groups": [], "user_permissions": []}}, {"model": "auth.user", "fields": {"password": "pbkdf2_sha256$1000000$OtMlVaiMmk8DUUfcm1xEHs$jHwpmgyLE1wJCbCP+aDec5MkbiaMq1e1GHkRZMcXFvQ=", "last_login": null, "is_superuser": false, "username": "triplegotp@gmail.com", "first_name": "Triple G", "last_name": "Design Studio", "email": "triplegotp@gmail.com", "is_staff": false, "is_active": true, "date_joined": "2025-10-20T20:43:20.159Z", "groups": [], "user_permissions": []}}, {"model": "auth.user", "fields": {"password": "pbkdf2_sha256$1000000$ro8exAa3BD5ytcmyprL8Xu$C+qae0HLxE0gI9m5frAcoBmU6Y97SLqxpFujZ04xbN4=", "last_login": "2025-10-20T20:46:36.772Z", "is_superuser": false, "username": "sensitivity161@gmail.com", "first_name": "Triple G", "last_name": "Design Studio", "email": "sensitivity161@gmail.com", "is_staff": true, "is_active": true, "date_joined": "2025-10-20T20:45:37.711Z", "groups": [], "user_permissions": []}}, {"model": "accounts.adminprofile", "pk": 1, "fields": {"user": ["sensitivity161@gmail.com"], "admin_role": "staff", "approval_status": "approved", "department": null, "employee_id": null, "phone": null, "emergency_contact": null, "hire_date": null, "company_department": null, "writing_experience": null, "portfolio_links": null, "specialization": null, "profile_pic": "", "email_verified": false, "email_verified_at": null, "approved_by": ["admin"], "approved_at": "2025-10-20T20:46:26.806Z", "last_login_ip": "127.0.0.1", "failed_login_attempts": 0, "account_locked_until": null, "created_at": "2025-10-20T20:45:38.611Z", "updated_at": "2025-10-20T20:46:36.434Z"}}, {"model": "accounts.sitemanagerprofile", "pk": 1, "fields": {"user": ["rideouts200221@gmail.com"], "approval_status": "approved", "department": "Site Management", "employee_id": null, "phone": "", "emergency_contact": "", "hire_date": null, "company_department": null, "profile_pic": "profile_pics/tripleGlogozoom_8Oc1NiS.jpg", "email_verified": false, "email_verified_at": null, "approved_by": ["admin"], "approved_at": "2025-10-20T20:26:04.308Z", "last_login_ip": null, "failed_login_attempts": 0, "account_locked_until": null, "created_at": "2025-10-20T20:25:03.036Z", "updated_at": "2025-10-20T20:30:30.003Z"}}, {"model": "accounts.superadminprofile", "pk": 1, "fields": {"user": ["admin"], "title": "Super Administrator", "phone": null, "emergency_contact": null, "notes": null, "profile_pic": "", "last_login_ip": null, "created_at": "2025-10-20T20:24:06.071Z", "updated_at": "2025-10-20T20:24:06.071Z"}}, {"model": "portfolio.category", "pk": 1, "fields": {"name": "Residential", "slug": "residential"}}, {"model": "portfolio.category", "pk": 2, "fields": {"name": "commercial", "slug": "commercial"}}, {"model": "portfolio.category", "pk": 3, "fields": {"name": "industrial", "slug": "industrial"}}, {"model": "portfolio.project", "pk": 1, "fields": {"title": "4-Storey Dormitel Building", "description": "________________________________________\r\nProject Overview\r\nThis 4-storey dormitel is envisioned as a blend of Scandinavian-inspired design and modern functionality, offering an oasis of tranquility, liberation, and security for its residents.\r\nIt is thoughtfully designed to cultivate both study and leisure, featuring spaces such as a dedicated study lounge, a peaceful central courtyard, and a rooftop deck that provides an inviting retreat above the city.\r\nEvery element reflects an intention to create a nurturing environment for students and young professionals, ensuring privacy, safety, and a sense of community. The design combines minimalist aesthetics, warm textures, and natural light to promote a sense of well-being and enhance focus.\r\n", "category": 3, "year": 2025, "location": "Lahug, Cebu City, Philippines", "size": "n/a", "duration": "14 Months", "completion_date": "2025-10-14", "lead_architect": "GGR", "status": "completed", "featured": true, "hero_image": "projects/hero/image3.jpg", "video": "", "seo_meta_title": "4-Storey Dormitel", "seo_meta_description": "A Scandinavian-inspired 4-storey dormitel in Cebu City designed for tranquility, study, and leisure.", "hero_image_alt": "Hero Image Alt Text\tExterior view of Scandinavian-inspired 4-storey dormitel in Lahug, Cebu City", "created_at": "2025-10-20T20:55:48.345Z", "updated_at": "2025-10-20T20:55:48.445Z"}}, {"model": "portfolio.projecttimeline", "pk": 1, "fields": {"project": 1, "title": "Concept Development", "date": "2024-04-21", "description": "Initial concept sketches and design study", "completed": false, "order": 0}}, {"model": "blog.category", "pk": 1, "fields": {"name": "Architecture", "slug": "architecture", "description": "Architectural designs and concepts", "color": "#3498db", "icon": "fas fa-folder", "created_date": "2025-10-20T20:28:39.353Z"}}, {"model": "blog.category", "pk": 2, "fields": {"name": "Interior Design", "slug": "interior-design", "description": "Interior design projects", "color": "#e74c3c", "icon": "fas fa-folder", "created_date": "2025-10-20T20:28:39.546Z"}}, {"model": "blog.category", "pk": 3, "fields": {"name": "Construction", "slug": "construction", "description": "Construction projects and techniques", "color": "#f39c12", "icon": "fas fa-folder", "created_date": "2025-10-20T20:28:39.731Z"}}, {"model": "blog.category", "pk": 4, "fields": {"name": "Urban Planning", "slug": "urban-planning", "description": "Urban development and planning", "color": "#2ecc71", "icon": "fas fa-folder", "created_date": "2025-10-20T20:28:39.935Z"}}, {"model": "blog.tag", "pk": 1, "fields": {"name": "beauty salon", "slug": "beauty-salon", "usage_count": 1, "created_date": "2025-10-20T20:28:40.423Z"}}, {"model": "blog.tag", "pk": 2, "fields": {"name": "commercial design", "slug": "commercial-design", "usage_count": 1, "created_date": "2025-10-20T20:28:40.818Z"}}, {"model": "blog.tag", "pk": 3, "fields": {"name": "interior design", "slug": "interior-design", "usage_count": 1, "created_date": "2025-10-20T20:28:41.162Z"}}, {"model": "blog.tag", "pk": 4, "fields": {"name": "modern architecture", "slug": "modern-architecture", "usage_count": 2, "created_date": "2025-10-20T20:28:41.497Z"}}, {"model": "blog.tag", "pk": 5, "fields": {"name": "japanese architecture", "slug": "japanese-architecture", "usage_count": 1, "created_date": "2025-10-20T20:28:42.026Z"}}, {"model": "blog.tag", "pk": 6, "fields": {"name": "traditional design", "slug": "traditional-design", "usage_count": 1, "created_date": "2025-10-20T20:28:42.348Z"}}, {"model": "blog.tag", "pk": 7, "fields": {"name": "residential", "slug": "residential", "usage_count": 1, "created_date": "2025-10-20T20:28:42.662Z"}}, {"model": "blog.tag", "pk": 8, "fields": {"name": "cultural architecture", "slug": "cultural-architecture", "usage_count": 2, "created_date": "2025-10-20T20:28:42.994Z"}}, {"model": "blog.tag", "pk": 9, "fields": {"name": "geometric design", "slug": "geometric-design", "usage_count": 1, "created_date": "2025-10-20T20:28:43.518Z"}}, {"model": "blog.tag", "pk": 10, "fields": {"name": "innovative construction", "slug": "innovative-construction", "usage_count": 1, "created_date": "2025-10-20T20:28:44.070Z"}}, {"model": "blog.tag", "pk": 11, "fields": {"name": "facade design", "slug": "facade-design", "usage_count": 1, "created_date": "2025-10-20T20:28:44.385Z"}}, {"model": "blog.tag", "pk": 12, "fields": {"name": "urban planning", "slug": "urban-planning", "usage_count": 1, "created_date": "2025-10-20T20:28:45.137Z"}}, {"model": "blog.tag", "pk": 13, "fields": {"name": "mixed-use development", "slug": "mixed-use-development", "usage_count": 1, "created_date": "2025-10-20T20:28:45.757Z"}}, {"model": "blog.tag", "pk": 14, "fields": {"name": "sustainable design", "slug": "sustainable-design", "usage_count": 1, "created_date": "2025-10-20T20:28:46.162Z"}}, {"model": "blog.tag", "pk": 15, "fields": {"name": "community development", "slug": "community-development", "usage_count": 1, "created_date": "2025-10-20T20:28:46.486Z"}}, {"model": "blog.tag", "pk": 16, "fields": {"name": "heritage design", "slug": "heritage-design", "usage_count": 1, "created_date": "2025-10-20T20:28:47.250Z"}}, {"model": "blog.tag", "pk": 17, "fields": {"name": "community engagement", "slug": "community-engagement", "usage_count": 1, "created_date": "2025-10-20T20:28:47.627Z"}}, {"model": "blog.tag", "pk": 18, "fields": {"name": "traditional materials", "slug": "traditional-materials", "usage_count": 1, "created_date": "2025-10-20T20:28:47.941Z"}}, {"model": "blog.tag", "pk": 19, "fields": {"name": "transparent architecture", "slug": "transparent-architecture", "usage_count": 1, "created_date": "2025-10-20T20:28:48.431Z"}}, {"model": "blog.tag", "pk": 20, "fields": {"name": "glass design", "slug": "glass-design", "usage_count": 1, "created_date": "2025-10-20T20:28:48.733Z"}}, {"model": "blog.tag", "pk": 21, "fields": {"name": "natural light", "slug": "natural-light", "usage_count": 1, "created_date": "2025-10-20T20:28:49.042Z"}}, {"model": "blog.tag", "pk": 22, "fields": {"name": "modern construction", "slug": "modern-construction", "usage_count": 1, "created_date": "2025-10-20T20:28:49.345Z"}}, {"model": "blog.tag", "pk": 23, "fields": {"name": "sustainable development", "slug": "sustainable-development", "usage_count": 1, "created_date": "2025-10-20T20:28:49.829Z"}}, {"model": "blog.tag", "pk": 24, "fields": {"name": "community planning", "slug": "community-planning", "usage_count": 1, "created_date": "2025-10-20T20:28:50.134Z"}}, {"model": "blog.tag", "pk": 25, "fields": {"name": "green building", "slug": "green-building", "usage_count": 1, "created_date": "2025-10-20T20:28:50.451Z"}}, {"model": "blog.tag", "pk": 26, "fields": {"name": "adaptive reuse", "slug": "adaptive-reuse", "usage_count": 1, "created_date": "2025-10-20T20:28:50.649Z"}}, {"model": "blog.tag", "pk": 27, "fields": {"name": "social infrastructure", "slug": "social-infrastructure", "usage_count": 1, "created_date": "2025-10-20T20:28:50.754Z"}}, {"model": "blog.tag", "pk": 28, "fields": {"name": "historic preservation", "slug": "historic-preservation", "usage_count": 1, "created_date": "2025-10-20T20:28:51.245Z"}}, {"model": "blog.tag", "pk": 29, "fields": {"name": "urban resilience", "slug": "urban-resilience", "usage_count": 1, "created_date": "2025-10-20T20:28:51.315Z"}}, {"model": "blog.tag", "pk": 30, "fields": {"name": "sustainable renovation", "slug": "sustainable-renovation", "usage_count": 1, "created_date": "2025-10-20T20:28:51.592Z"}}, {"model": "blog.tag", "pk": 31, "fields": {"name": "climate adaptation", "slug": "climate-adaptation", "usage_count": 1, "created_date": "2025-10-20T20:28:51.635Z"}}, {"model": "blog.tag", "pk": 32, "fields": {"name": "architectural transformation", "slug": "architectural-transformation", "usage_count": 1, "created_date": "2025-10-20T20:28:51.912Z"}}, {"model": "blog.tag", "pk": 33, "fields": {"name": "sustainable cities", "slug": "sustainable-cities", "usage_count": 1, "created_date": "2025-10-20T20:28:51.937Z"}}, {"model": "blog.tag", "pk": 34, "fields": {"name": "future planning", "slug": "future-planning", "usage_count": 1, "created_date": "2025-10-20T20:28:52.256Z"}}, {"model": "blog.tag", "pk": 35, "fields": {"name": "a-frame architecture", "slug": "a-frame-architecture", "usage_count": 1, "created_date": "2025-10-20T20:28:52.471Z"}}, {"model": "blog.tag", "pk": 36, "fields": {"name": "modern residential", "slug": "modern-residential", "usage_count": 1, "created_date": "2025-10-20T20:28:52.789Z"}}, {"model": "blog.tag", "pk": 37, "fields": {"name": "innovative design", "slug": "innovative-design", "usage_count": 1, "created_date": "2025-10-20T20:28:53.128Z"}}, {"model": "blog.tag", "pk": 38, "fields": {"name": "structural efficiency", "slug": "structural-efficiency", "usage_count": 1, "created_date": "2025-10-20T20:28:53.494Z"}}, {"model": "blog.tag", "pk": 39, "fields": {"name": "asdasdasda", "slug": "asdasdasda", "usage_count": 0, "created_date": "2025-10-20T20:59:08.595Z"}}, {"model": "blog.tag", "pk": 40, "fields": {"name": "asdasdas", "slug": "asdasdas", "usage_count": 0, "created_date": "2025-10-20T20:59:08.921Z"}}, {"model": "blog.tag", "pk": 41, "fields": {"name": "a dasdasas", "slug": "a-dasdasas", "usage_count": 0, "created_date": "2025-10-20T20:59:09.255Z"}}, {"model": "blog.blogpost", "pk": 1, "fields": {"title": "Beauty Salon: Modern Elegance in Commercial Design", "slug": "beauty-salon-modern-elegance-in-commercial-design", "content": "<h2>Transforming Beauty Through Design</h2>\n                <p>Our latest beauty salon project showcases the perfect blend of functionality and aesthetic appeal. This modern commercial space was designed to create a luxurious yet welcoming environment for clients seeking beauty and wellness services.</p>\n                \n                <h3>Design Philosophy</h3>\n                <p>The design philosophy centered around creating a serene, spa-like atmosphere while maintaining the efficiency required for a busy commercial salon. Clean lines, neutral tones, and strategic lighting work together to enhance the overall client experience.</p>\n                \n                <h3>Key Features</h3>\n                <ul>\n                <li>Open-concept layout maximizing natural light</li>\n                <li>Premium materials including marble and brushed steel</li>\n                <li>State-of-the-art ventilation and lighting systems</li>\n                <li>Ergonomic workstations for staff comfort</li>\n                <li>Dedicated relaxation areas for clients</li>\n                </ul>\n                \n                <p>This project demonstrates our commitment to creating spaces that not only look beautiful but also enhance the functionality and success of our clients' businesses.</p>", "excerpt": "A modern beauty salon design that combines luxury aesthetics with practical functionality for an enhanced client experience.", "featured_image": "blog/featured_images/Beauty Salon_image1.jpg", "featured_image_alt": "Featured image for Beauty Salon: Modern Elegance in Commercial Design", "author": ["rideouts200221@gmail.com"], "category": 2, "status": "published", "featured": true, "rejection_reason": null, "rejected_by": null, "rejected_at": null, "seo_meta_title": "Beauty Salon: Modern Elegance in Commercial Design", "seo_meta_description": "A modern beauty salon design that combines luxury aesthetics with practical functionality for an enhanced client experience.", "enable_toc": true, "created_date": "2025-10-20T20:28:40.264Z", "updated_date": "2025-10-20T20:41:15.034Z", "published_date": "2025-10-20T20:28:40.262Z", "view_count": 2, "is_deleted": false, "deleted_at": null, "tags": [4, 1, 2, 3]}}, {"model": "blog.blogpost", "pk": 2, "fields": {"title": "Japanese Village: Harmony Between Tradition and Modernity", "slug": "japanese-village-harmony-between-tradition-and-modernity", "content": "<h2>Embracing Japanese Design Principles</h2>\n                <p>This residential project draws inspiration from traditional Japanese village architecture while incorporating modern living requirements. The design emphasizes harmony with nature, simplicity, and the thoughtful use of natural materials.</p>\n                \n                <h3>Traditional Elements</h3>\n                <p>The project incorporates classic Japanese design elements including:</p>\n                <ul>\n                <li>Natural wood construction with exposed beams</li>\n                <li>Sliding shoji screens for flexible space division</li>\n                <li>Tatami-inspired flooring materials</li>\n                <li>Zen garden integration</li>\n                <li>Emphasis on natural light and ventilation</li>\n                </ul>\n                \n                <h3>Modern Adaptations</h3>\n                <p>While respecting traditional aesthetics, the design incorporates contemporary amenities and building techniques to meet modern lifestyle needs. The result is a harmonious blend that honors the past while embracing the future.</p>\n                \n                <p>This project showcases our ability to work with diverse cultural design traditions while creating spaces that are both authentic and functional for contemporary living.</p>", "excerpt": "A residential project that beautifully merges traditional Japanese village architecture with modern living requirements.", "featured_image": "blog/featured_images/Japanese Village_image1.jpg", "featured_image_alt": "Featured image for Japanese Village: Harmony Between Tradition and Modernity", "author": ["rideouts200221@gmail.com"], "category": 1, "status": "published", "featured": true, "rejection_reason": null, "rejected_by": null, "rejected_at": null, "seo_meta_title": "Japanese Village: Harmony Between Tradition and Modernity", "seo_meta_description": "A residential project that beautifully merges traditional Japanese village architecture with modern living requirements.", "enable_toc": true, "created_date": "2025-10-20T20:28:41.879Z", "updated_date": "2025-10-20T20:41:14.148Z", "published_date": "2025-10-20T20:28:41.879Z", "view_count": 0, "is_deleted": false, "deleted_at": null, "tags": [8, 5, 7, 6]}}, {"model": "blog.blogpost", "pk": 3, "fields": {"title": "Crystalline Reckonings: Geometric Precision in Modern Architecture", "slug": "crystalline-reckonings-geometric-precision-in-modern-architecture", "content": "<h2>Geometric Innovation in Design</h2>\n                <p>Crystalline Reckonings represents a bold exploration of geometric forms in contemporary architecture. This project pushes the boundaries of traditional design through the use of angular geometries and crystalline structures that create a striking visual impact.</p>\n                \n                <h3>Design Concept</h3>\n                <p>The concept draws inspiration from natural crystal formations, translating their precise geometric patterns into architectural form. The building's facade features a series of interconnected angular panels that create dynamic shadows and reflections throughout the day.</p>\n                \n                <h3>Technical Innovation</h3>\n                <p>The project required advanced engineering solutions to achieve the complex geometric forms while maintaining structural integrity. Key innovations include:</p>\n                <ul>\n                <li>Custom-fabricated angular panels</li>\n                <li>Advanced structural support systems</li>\n                <li>Integrated lighting design</li>\n                <li>Climate-responsive facade elements</li>\n                </ul>\n                \n                <p>This project demonstrates our expertise in pushing architectural boundaries while maintaining practical functionality and structural soundness.</p>", "excerpt": "An innovative architectural project featuring geometric precision and crystalline forms that challenge traditional design boundaries.", "featured_image": "blog/featured_images/Crystalline Reckonings_image.jpg", "featured_image_alt": "Featured image for Crystalline Reckonings: Geometric Precision in Modern Architecture", "author": ["rideouts200221@gmail.com"], "category": 1, "status": "published", "featured": true, "rejection_reason": null, "rejected_by": null, "rejected_at": null, "seo_meta_title": "Crystalline Reckonings: Geometric Precision in Modern Archit", "seo_meta_description": "An innovative architectural project featuring geometric precision and crystalline forms that challenge traditional design boundaries.", "enable_toc": true, "created_date": "2025-10-20T20:28:43.357Z", "updated_date": "2025-10-20T20:41:13.528Z", "published_date": "2025-10-20T20:28:43.357Z", "view_count": 0, "is_deleted": false, "deleted_at": null, "tags": [4, 11, 9, 10]}}, {"model": "blog.blogpost", "pk": 4, "fields": {"title": "Dynamic Urban Continuum: Reshaping City Landscapes", "slug": "dynamic-urban-continuum-reshaping-city-landscapes", "content": "<h2>Urban Development for the Future</h2>\n                <p>The Dynamic Urban Continuum project represents a comprehensive approach to urban development that addresses the evolving needs of modern cities. This mixed-use development creates a seamless integration of residential, commercial, and public spaces.</p>\n                \n                <h3>Urban Integration</h3>\n                <p>The project focuses on creating connections between different urban zones while maintaining distinct character areas. The design promotes walkability, sustainability, and community interaction through thoughtful planning and design.</p>\n                \n                <h3>Sustainable Features</h3>\n                <ul>\n                <li>Green building technologies throughout</li>\n                <li>Integrated public transportation access</li>\n                <li>Urban green spaces and parks</li>\n                <li>Stormwater management systems</li>\n                <li>Energy-efficient building systems</li>\n                </ul>\n                \n                <h3>Community Impact</h3>\n                <p>The development prioritizes community needs by providing diverse housing options, commercial opportunities, and public amenities that serve residents of all ages and backgrounds.</p>\n                \n                <p>This project showcases our commitment to creating urban environments that are not only functional but also enhance the quality of life for all residents.</p>", "excerpt": "A comprehensive urban development project that integrates residential, commercial, and public spaces for sustainable city living.", "featured_image": "blog/featured_images/Dynamic Urban Continuum_image1.jpg", "featured_image_alt": "Featured image for Dynamic Urban Continuum: Reshaping City Landscapes", "author": ["rideouts200221@gmail.com"], "category": 4, "status": "published", "featured": true, "rejection_reason": null, "rejected_by": null, "rejected_at": null, "seo_meta_title": "Dynamic Urban Continuum: Reshaping City Landscapes", "seo_meta_description": "A comprehensive urban development project that integrates residential, commercial, and public spaces for sustainable city living.", "enable_toc": true, "created_date": "2025-10-20T20:28:44.801Z", "updated_date": "2025-10-20T20:41:12.785Z", "published_date": "2025-10-20T20:28:44.801Z", "view_count": 0, "is_deleted": false, "deleted_at": null, "tags": [15, 13, 14, 12]}}, {"model": "blog.blogpost", "pk": 5, "fields": {"title": "Payo ad Apfu: Cultural Heritage in Contemporary Design", "slug": "payo-ad-apfu-cultural-heritage-in-contemporary-design", "content": "<h2>Honoring Cultural Heritage</h2>\n                <p>The Payo ad Apfu project represents a thoughtful approach to incorporating cultural heritage elements into contemporary architectural design. This project demonstrates how traditional cultural values can be expressed through modern building techniques and materials.</p>\n                \n                <h3>Cultural Integration</h3>\n                <p>The design process involved extensive research into local cultural traditions and architectural heritage. Key cultural elements were identified and reinterpreted for contemporary use while maintaining their symbolic and functional significance.</p>\n                \n                <h3>Design Elements</h3>\n                <ul>\n                <li>Traditional spatial arrangements adapted for modern use</li>\n                <li>Local materials sourced from regional suppliers</li>\n                <li>Cultural symbols integrated into architectural details</li>\n                <li>Community gathering spaces reflecting traditional practices</li>\n                <li>Sustainable building practices honoring environmental traditions</li>\n                </ul>\n                \n                <h3>Community Engagement</h3>\n                <p>The project involved extensive community consultation to ensure that the design authentically represents local cultural values while meeting contemporary functional requirements.</p>\n                \n                <p>This project exemplifies our commitment to culturally sensitive design that honors heritage while embracing innovation.</p>", "excerpt": "A culturally sensitive architectural project that honors local heritage while incorporating contemporary design principles.", "featured_image": "blog/featured_images/Payo ad Apfu_Image.jpg", "featured_image_alt": "Featured image for Payo ad Apfu: Cultural Heritage in Contemporary Design", "author": ["rideouts200221@gmail.com"], "category": 1, "status": "published", "featured": true, "rejection_reason": null, "rejected_by": null, "rejected_at": null, "seo_meta_title": "Payo ad Apfu: Cultural Heritage in Contemporary Design", "seo_meta_description": "A culturally sensitive architectural project that honors local heritage while incorporating contemporary design principles.", "enable_toc": true, "created_date": "2025-10-20T20:28:46.860Z", "updated_date": "2025-10-20T20:41:12.156Z", "published_date": "2025-10-20T20:28:46.860Z", "view_count": 1, "is_deleted": false, "deleted_at": null, "tags": [8, 17, 16, 18]}}, {"model": "blog.blogpost", "pk": 6, "fields": {"title": "Pellucid Reverence: Transparency in Modern Architecture", "slug": "pellucid-reverence-transparency-in-modern-architecture", "content": "<h2>The Art of Architectural Transparency</h2>\n                <p>Pellucid Reverence explores the concept of transparency in modern architecture, creating spaces that blur the boundaries between interior and exterior environments. This project demonstrates how glass and light can be used to create ethereal, almost spiritual architectural experiences.</p>\n                \n                <h3>Design Philosophy</h3>\n                <p>The design philosophy centers on the idea that architecture should enhance rather than obstruct the natural environment. Through the strategic use of transparent and translucent materials, the building creates a sense of lightness and connection with its surroundings.</p>\n                \n                <h3>Technical Achievements</h3>\n                <ul>\n                <li>Advanced glazing systems for optimal transparency</li>\n                <li>Structural glass elements reducing visual barriers</li>\n                <li>Integrated lighting design enhancing transparency effects</li>\n                <li>Climate control systems maintaining comfort in glass environments</li>\n                <li>Privacy solutions using smart glass technology</li>\n                </ul>\n                \n                <h3>Environmental Considerations</h3>\n                <p>Despite the extensive use of glass, the project maintains high energy efficiency through advanced glazing technologies and passive design strategies that work with natural light and ventilation patterns.</p>\n                \n                <p>This project showcases our expertise in creating architecturally striking buildings that maintain practical functionality and environmental responsibility.</p>", "excerpt": "An architectural exploration of transparency and light, creating ethereal spaces that connect interior and exterior environments.", "featured_image": "blog/featured_images/Pellucid Reverence_image1.jpg", "featured_image_alt": "Featured image for Pellucid Reverence: Transparency in Modern Architecture", "author": ["rideouts200221@gmail.com"], "category": 1, "status": "published", "featured": true, "rejection_reason": null, "rejected_by": null, "rejected_at": null, "seo_meta_title": "Pellucid Reverence: Transparency in Modern Architecture", "seo_meta_description": "An architectural exploration of transparency and light, creating ethereal spaces that connect interior and exterior environments.", "enable_toc": true, "created_date": "2025-10-20T20:28:48.294Z", "updated_date": "2025-10-20T20:41:11.312Z", "published_date": "2025-10-20T20:28:48.294Z", "view_count": 0, "is_deleted": false, "deleted_at": null, "tags": [20, 22, 21, 19]}}, {"model": "blog.blogpost", "pk": 7, "fields": {"title": "Shelas Ukay: Sustainable Community Development", "slug": "shelas-ukay-sustainable-community-development", "content": "<h2>Building Sustainable Communities</h2>\n                <p>Shelas Ukay represents a comprehensive approach to sustainable community development that prioritizes environmental responsibility, social equity, and economic viability. This project demonstrates how thoughtful planning can create thriving communities that benefit both residents and the broader environment.</p>\n                \n                <h3>Sustainability Framework</h3>\n                <p>The project is built on a comprehensive sustainability framework that addresses multiple aspects of community development:</p>\n                <ul>\n                <li>Renewable energy systems throughout the community</li>\n                <li>Water conservation and recycling systems</li>\n                <li>Local food production and community gardens</li>\n                <li>Waste reduction and recycling programs</li>\n                <li>Native landscaping and biodiversity preservation</li>\n                </ul>\n                \n                <h3>Social Infrastructure</h3>\n                <p>The community design prioritizes social connections and community well-being through shared spaces, recreational facilities, and programs that bring residents together.</p>\n                \n                <h3>Economic Sustainability</h3>\n                <p>The project includes provisions for local economic development, including spaces for small businesses, co-working facilities, and community enterprises that keep economic benefits within the community.</p>\n                \n                <p>This project exemplifies our commitment to creating developments that are environmentally responsible, socially beneficial, and economically viable for the long term.</p>", "excerpt": "A comprehensive sustainable community development project that balances environmental responsibility with social and economic benefits.", "featured_image": "blog/featured_images/Shelas Ukay_image1.jpg", "featured_image_alt": "Featured image for Shelas Ukay: Sustainable Community Development", "author": ["rideouts200221@gmail.com"], "category": 4, "status": "published", "featured": true, "rejection_reason": null, "rejected_by": null, "rejected_at": null, "seo_meta_title": "Shelas Ukay: Sustainable Community Development", "seo_meta_description": "A comprehensive sustainable community development project that balances environmental responsibility with social and economic benefits.", "enable_toc": true, "created_date": "2025-10-20T20:28:49.693Z", "updated_date": "2025-10-20T20:41:10.554Z", "published_date": "2025-10-20T20:28:49.693Z", "view_count": 0, "is_deleted": false, "deleted_at": null, "tags": [24, 25, 27, 23]}}, {"model": "blog.blogpost", "pk": 8, "fields": {"title": "The Art of Transformation: Adaptive Reuse Excellence", "slug": "the-art-of-transformation-adaptive-reuse-excellence", "content": "<h2>Breathing New Life into Existing Structures</h2>\n                <p>The Art of Transformation project showcases the potential of adaptive reuse in architecture. This project demonstrates how existing structures can be thoughtfully transformed to meet contemporary needs while preserving their historical and architectural significance.</p>\n                \n                <h3>Before and After</h3>\n                <p>The transformation process involved careful analysis of the existing structure's strengths and challenges. The original building's character was preserved while introducing modern amenities and functionality required for contemporary use.</p>\n                \n                <h3>Preservation Strategies</h3>\n                <ul>\n                <li>Structural assessment and reinforcement where needed</li>\n                <li>Preservation of significant architectural features</li>\n                <li>Integration of modern building systems</li>\n                <li>Accessibility improvements throughout</li>\n                <li>Energy efficiency upgrades</li>\n                </ul>\n                \n                <h3>Sustainable Benefits</h3>\n                <p>Adaptive reuse provides significant environmental benefits by reducing demolition waste, preserving embodied energy in existing structures, and minimizing the need for new construction materials.</p>\n                \n                <h3>Design Innovation</h3>\n                <p>The project required creative solutions to integrate modern functionality within the constraints of the existing structure, resulting in innovative design approaches that enhance both form and function.</p>\n                \n                <p>This project demonstrates our expertise in adaptive reuse and our commitment to sustainable building practices that honor architectural heritage.</p>", "excerpt": "A masterful adaptive reuse project that transforms an existing structure while preserving its architectural heritage and character.", "featured_image": "blog/featured_images/The Art of Transformation_after.jpg", "featured_image_alt": "Featured image for The Art of Transformation: Adaptive Reuse Excellence", "author": ["rideouts200221@gmail.com"], "category": 1, "status": "published", "featured": true, "rejection_reason": null, "rejected_by": null, "rejected_at": null, "seo_meta_title": "The Art of Transformation: Adaptive Reuse Excellence", "seo_meta_description": "A masterful adaptive reuse project that transforms an existing structure while preserving its architectural heritage and character.", "enable_toc": true, "created_date": "2025-10-20T20:28:50.502Z", "updated_date": "2025-10-20T20:41:09.843Z", "published_date": "2025-10-20T20:28:50.502Z", "view_count": 0, "is_deleted": false, "deleted_at": null, "tags": [26, 32, 28, 30]}}, {"model": "blog.blogpost", "pk": 9, "fields": {"title": "The Lasting City: Designing for Urban Resilience", "slug": "the-lasting-city-designing-for-urban-resilience", "content": "<h2>Building Cities for the Future</h2>\n                <p>The Lasting City project addresses the critical need for urban resilience in the face of climate change and evolving social needs. This comprehensive urban planning initiative demonstrates how cities can be designed to adapt and thrive over time.</p>\n                \n                <h3>Resilience Framework</h3>\n                <p>The project is built on a resilience framework that addresses multiple urban challenges:</p>\n                <ul>\n                <li>Climate adaptation strategies</li>\n                <li>Infrastructure redundancy and flexibility</li>\n                <li>Social and economic diversity</li>\n                <li>Environmental sustainability</li>\n                <li>Community preparedness and response capabilities</li>\n                </ul>\n                \n                <h3>Adaptive Infrastructure</h3>\n                <p>The urban design incorporates flexible infrastructure systems that can adapt to changing needs and conditions over time. This includes modular building systems, adaptable transportation networks, and scalable utility systems.</p>\n                \n                <h3>Community Resilience</h3>\n                <p>The project prioritizes community resilience through the creation of strong social networks, local economic opportunities, and community resources that support residents during both normal times and periods of stress.</p>\n                \n                <h3>Long-term Vision</h3>\n                <p>The Lasting City represents a long-term vision for urban development that considers not just immediate needs but also the evolving challenges and opportunities that cities will face in the coming decades.</p>\n                \n                <p>This project showcases our commitment to creating urban environments that are not only functional today but will continue to serve communities well into the future.</p>", "excerpt": "A comprehensive urban planning project focused on creating resilient cities that can adapt and thrive in the face of future challenges.", "featured_image": "blog/featured_images/The Lasting City_image.jpg", "featured_image_alt": "Featured image for The Lasting City: Designing for Urban Resilience", "author": ["rideouts200221@gmail.com"], "category": 4, "status": "published", "featured": true, "rejection_reason": null, "rejected_by": null, "rejected_at": null, "seo_meta_title": "The Lasting City: Designing for Urban Resilience", "seo_meta_description": "A comprehensive urban planning project focused on creating resilient cities that can adapt and thrive in the face of future challenges.", "enable_toc": true, "created_date": "2025-10-20T20:28:51.163Z", "updated_date": "2025-10-20T20:41:09.172Z", "published_date": "2025-10-20T20:28:51.163Z", "view_count": 0, "is_deleted": false, "deleted_at": null, "tags": [31, 34, 33, 29]}}, {"model": "blog.blogpost", "pk": 10, "fields": {"title": "Unorthodox A-Frame: Reimagining Classic Architecture", "slug": "unorthodox-a-frame-reimagining-classic-architecture", "content": "<h2>A Fresh Take on A-Frame Design</h2>\n                <p>The Unorthodox A-Frame project reimagines the classic A-frame architectural style for contemporary living. This innovative design maintains the iconic triangular profile while incorporating modern materials, technologies, and spatial arrangements that enhance functionality and comfort.</p>\n                \n                <h3>Design Innovation</h3>\n                <p>The project challenges traditional A-frame limitations through creative design solutions:</p>\n                <ul>\n                <li>Expanded interior volumes through strategic design modifications</li>\n                <li>Modern materials that enhance both aesthetics and performance</li>\n                <li>Innovative window placement maximizing natural light</li>\n                <li>Flexible interior spaces that adapt to different uses</li>\n                <li>Integration of contemporary building systems</li>\n                </ul>\n                \n                <h3>Structural Efficiency</h3>\n                <p>The A-frame structure provides inherent structural efficiency while the modern interpretation optimizes this efficiency through advanced engineering and material selection.</p>\n                \n                <h3>Environmental Integration</h3>\n                <p>The design emphasizes connection with the natural environment through strategic placement, material selection, and design elements that complement rather than compete with the surrounding landscape.</p>\n                \n                <h3>Contemporary Living</h3>\n                <p>While honoring the A-frame tradition, the design fully accommodates contemporary lifestyle needs including modern kitchens, comfortable living spaces, and integrated technology systems.</p>\n                \n                <p>This project demonstrates our ability to honor architectural traditions while pushing boundaries to create innovative solutions for contemporary living.</p>", "excerpt": "An innovative reimagining of the classic A-frame design that combines traditional aesthetics with contemporary functionality.", "featured_image": "blog/featured_images/Unorthodox A-Frame_image1.jpg", "featured_image_alt": "Featured image for Unorthodox A-Frame: Reimagining Classic Architecture", "author": ["rideouts200221@gmail.com"], "category": 1, "status": "published", "featured": true, "rejection_reason": null, "rejected_by": null, "rejected_at": null, "seo_meta_title": "Unorthodox A-Frame: Reimagining Classic Architecture", "seo_meta_description": "An innovative reimagining of the classic A-frame design that combines traditional aesthetics with contemporary functionality.", "enable_toc": true, "created_date": "2025-10-20T20:28:52.327Z", "updated_date": "2025-10-20T21:18:57.453Z", "published_date": "2025-10-20T20:28:52.327Z", "view_count": 0, "is_deleted": false, "deleted_at": null, "tags": [35, 37, 36, 38]}}, {"model": "blog.blogimage", "pk": 31, "fields": {"blog_post": 10, "image": "blog/gallery/Unorthodox A-Frame_image2.jpg", "caption": "Gallery image for Unorthodox A-Frame: Reimagining Classic Architecture", "alt_text": "Gallery image 1", "order": 0, "width": 1500, "height": 1500, "file_size": 1548866, "uploaded_date": "2025-10-20T20:41:08.847Z"}}, {"model": "blog.blogimage", "pk": 32, "fields": {"blog_post": 10, "image": "blog/gallery/Unorthodox A-Frame_image3.jpg", "caption": "Gallery image for Unorthodox A-Frame: Reimagining Classic Architecture", "alt_text": "Gallery image 2", "order": 1, "width": 1500, "height": 1500, "file_size": 1134670, "uploaded_date": "2025-10-20T20:41:08.902Z"}}, {"model": "blog.blogimage", "pk": 33, "fields": {"blog_post": 10, "image": "blog/gallery/Unorthodox A-Frame_image4.jpg", "caption": "Gallery image for Unorthodox A-Frame: Reimagining Classic Architecture", "alt_text": "Gallery image 3", "order": 2, "width": 1500, "height": 1500, "file_size": 1474595, "uploaded_date": "2025-10-20T20:41:08.984Z"}}, {"model": "blog.blogimage", "pk": 34, "fields": {"blog_post": 8, "image": "blog/gallery/The Art of Transformation_before.jpg", "caption": "Gallery image for The Art of Transformation: Adaptive Reuse Excellence", "alt_text": "Gallery image 1", "order": 0, "width": 1290, "height": 576, "file_size": 93679, "uploaded_date": "2025-10-20T20:41:10.358Z"}}, {"model": "blog.blogimage", "pk": 35, "fields": {"blog_post": 7, "image": "blog/gallery/Shelas Ukay_image2.jpg", "caption": "Gallery image for Shelas Ukay: Sustainable Community Development", "alt_text": "Gallery image 1", "order": 0, "width": 1600, "height": 1200, "file_size": 407230, "uploaded_date": "2025-10-20T20:41:11.072Z"}}, {"model": "blog.blogimage", "pk": 36, "fields": {"blog_post": 7, "image": "blog/gallery/Shelas Ukay_image3.jpg", "caption": "Gallery image for Shelas Ukay: Sustainable Community Development", "alt_text": "Gallery image 2", "order": 1, "width": 1600, "height": 900, "file_size": 314353, "uploaded_date": "2025-10-20T20:41:11.129Z"}}, {"model": "blog.blogimage", "pk": 37, "fields": {"blog_post": 6, "image": "blog/gallery/Pellucid Reverence_image2.jpg", "caption": "Gallery image for Pellucid Reverence: Transparency in Modern Architecture", "alt_text": "Gallery image 1", "order": 0, "width": 1200, "height": 1500, "file_size": 518879, "uploaded_date": "2025-10-20T20:41:11.799Z"}}, {"model": "blog.blogimage", "pk": 38, "fields": {"blog_post": 6, "image": "blog/gallery/Pellucid Reverence_image3.jpg", "caption": "Gallery image for Pellucid Reverence: Transparency in Modern Architecture", "alt_text": "Gallery image 2", "order": 1, "width": 1200, "height": 1500, "file_size": 330968, "uploaded_date": "2025-10-20T20:41:11.856Z"}}, {"model": "blog.blogimage", "pk": 39, "fields": {"blog_post": 6, "image": "blog/gallery/Pellucid Reverence_image4.jpg", "caption": "Gallery image for Pellucid Reverence: Transparency in Modern Architecture", "alt_text": "Gallery image 3", "order": 2, "width": 600, "height": 750, "file_size": 64542, "uploaded_date": "2025-10-20T20:41:11.914Z"}}, {"model": "blog.blogimage", "pk": 40, "fields": {"blog_post": 6, "image": "blog/gallery/Pellucid Reverence_image5.jpg", "caption": "Gallery image for Pellucid Reverence: Transparency in Modern Architecture", "alt_text": "Gallery image 4", "order": 3, "width": 948, "height": 1185, "file_size": 223999, "uploaded_date": "2025-10-20T20:41:11.972Z"}}, {"model": "blog.blogimage", "pk": 41, "fields": {"blog_post": 4, "image": "blog/gallery/Dynamic Urban Continuum_image2.jpg", "caption": "Gallery image for Dynamic Urban Continuum: Reshaping City Landscapes", "alt_text": "Gallery image 1", "order": 0, "width": 2048, "height": 1152, "file_size": 796783, "uploaded_date": "2025-10-20T20:41:13.291Z"}}, {"model": "blog.blogimage", "pk": 42, "fields": {"blog_post": 4, "image": "blog/gallery/Dynamic Urban Continuum_image3.jpg", "caption": "Gallery image for Dynamic Urban Continuum: Reshaping City Landscapes", "alt_text": "Gallery image 2", "order": 1, "width": 2048, "height": 1152, "file_size": 1048318, "uploaded_date": "2025-10-20T20:41:13.347Z"}}, {"model": "blog.blogimage", "pk": 43, "fields": {"blog_post": 2, "image": "blog/gallery/Japanese Village_image2.jpg", "caption": "Gallery image for Japanese Village: Harmony Between Tradition and Modernity", "alt_text": "Gallery image 1", "order": 0, "width": 1600, "height": 900, "file_size": 284357, "uploaded_date": "2025-10-20T20:41:14.626Z"}}, {"model": "blog.blogimage", "pk": 44, "fields": {"blog_post": 2, "image": "blog/gallery/Japanese Village_image3.jpg", "caption": "Gallery image for Japanese Village: Harmony Between Tradition and Modernity", "alt_text": "Gallery image 2", "order": 1, "width": 1600, "height": 900, "file_size": 278188, "uploaded_date": "2025-10-20T20:41:14.683Z"}}, {"model": "blog.blogimage", "pk": 45, "fields": {"blog_post": 2, "image": "blog/gallery/Japanese Village_image4.jpg", "caption": "Gallery image for Japanese Village: Harmony Between Tradition and Modernity", "alt_text": "Gallery image 3", "order": 2, "width": 2048, "height": 1152, "file_size": 433797, "uploaded_date": "2025-10-20T20:41:14.740Z"}}, {"model": "blog.blogimage", "pk": 46, "fields": {"blog_post": 2, "image": "blog/gallery/Japanese Village_image5.jpg", "caption": "Gallery image for Japanese Village: Harmony Between Tradition and Modernity", "alt_text": "Gallery image 4", "order": 3, "width": 2048, "height": 1152, "file_size": 311404, "uploaded_date": "2025-10-20T20:41:14.796Z"}}, {"model": "blog.blogimage", "pk": 47, "fields": {"blog_post": 2, "image": "blog/gallery/Japanese Village_image6.jpg", "caption": "Gallery image for Japanese Village: Harmony Between Tradition and Modernity", "alt_text": "Gallery image 5", "order": 4, "width": 2048, "height": 2048, "file_size": 602501, "uploaded_date": "2025-10-20T20:41:14.852Z"}}, {"model": "blog.blogimage", "pk": 48, "fields": {"blog_post": 1, "image": "blog/gallery/Beauty Salon_image2.jpg", "caption": "Gallery image for Beauty Salon: Modern Elegance in Commercial Design", "alt_text": "Gallery image 1", "order": 0, "width": 1434, "height": 2048, "file_size": 402953, "uploaded_date": "2025-10-20T20:41:15.504Z"}}, {"model": "blog.blogimage", "pk": 49, "fields": {"blog_post": 1, "image": "blog/gallery/Beauty Salon_image3.jpg", "caption": "Gallery image for Beauty Salon: Modern Elegance in Commercial Design", "alt_text": "Gallery image 2", "order": 1, "width": 2048, "height": 1024, "file_size": 140504, "uploaded_date": "2025-10-20T20:41:15.559Z"}}, {"model": "blog.blogimage", "pk": 50, "fields": {"blog_post": 1, "image": "blog/gallery/Beauty Salon_image4.jpg", "caption": "Gallery image for Beauty Salon: Modern Elegance in Commercial Design", "alt_text": "Gallery image 3", "order": 2, "width": 1434, "height": 2048, "file_size": 111905, "uploaded_date": "2025-10-20T20:41:15.614Z"}}, {"model": "axes.accesslog", "pk": 1, "fields": {"user_agent": "Mozilla/5.0 (Windows NT 10.0; Win64; x64) AppleWebKit/537.36 (KHTML, like Gecko) Chrome/141.0.0.0 Safari/537.36", "ip_address": "127.0.0.1", "username": "admin", "http_accept": "text/html,application/xhtml+xml,application/xml;q=0.9,image/avif,image/webp,image/apng,*/*;q=0.8,application/signed-exchange;v=b3;q=0.7", "path_info": "/admin/login/", "attempt_time": "2025-10-20T20:24:19.837Z", "logout_time": null, "session_hash": "12dbe0ec2eb33516586f53a9cf640d2a8e1054b7792169b6f43cdb60ee0dcab8"}}, {"model": "axes.accesslog", "pk": 2, "fields": {"user_agent": "Mozilla/5.0 (Windows NT 10.0; Win64; x64) AppleWebKit/537.36 (KHTML, like Gecko) Chrome/141.0.0.0 Safari/537.36", "ip_address": "127.0.0.1", "username": "rideouts200221@gmail.com", "http_accept": "text/html,application/xhtml+xml,application/xml;q=0.9,image/avif,image/webp,image/apng,*/*;q=0.8,application/signed-exchange;v=b3;q=0.7", "path_info": "/accounts/sitemanager/login/", "attempt_time": "2025-10-20T20:26:25.940Z", "logout_time": null, "session_hash": "baf6536af20159ad9638fada19928f55f00695a883e5586f4bc22142e9be57c1"}}, {"model": "axes.accesslog", "pk": 3, "fields": {"user_agent": "Mozilla/5.0 (Windows NT 10.0; Win64; x64) AppleWebKit/537.36 (KHTML, like Gecko) Chrome/141.0.0.0 Safari/537.36", "ip_address": "127.0.0.1", "username": "sensitivity161@gmail.com", "http_accept": "text/html,application/xhtml+xml,application/xml;q=0.9,image/avif,image/webp,image/apng,*/*;q=0.8,application/signed-exchange;v=b3;q=0.7", "path_info": "/accounts/admin-auth/login/", "attempt_time": "2025-10-20T20:46:36.877Z", "logout_time": null, "session_hash": "3b34841478ec13ed6a12a8f893da5e6f3174010a4eb22529da3c044a3d5d5049"}}, {"model": "axes.accesslog", "pk": 4, "fields": {"user_agent": "Mozilla/5.0 (Windows NT 10.0; Win64; x64) AppleWebKit/537.36 (KHTML, like Gecko) Chrome/141.0.0.0 Safari/537.36", "ip_address": "127.0.0.1", "username": "rideouts200221@gmail.com", "http_accept": "text/html,application/xhtml+xml,application/xml;q=0.9,image/avif,image/webp,image/apng,*/*;q=0.8,application/signed-exchange;v=b3;q=0.7", "path_info": "/accounts/sitemanager/login/", "attempt_time": "2025-10-20T22:52:19.537Z", "logout_time": null, "session_hash": "936bcce8a6c75dc894213e0b9053853c89520b7e336d5e5c7cee09a522fa3876"}}, {"model": "axes.accesslog", "pk": 5, "fields": {"user_agent": "Mozilla/5.0 (Windows NT 10.0; Win64; x64) AppleWebKit/537.36 (KHTML, like Gecko) Chrome/141.0.0.0 Safari/537.36", "ip_address": "127.0.0.1", "username": "admin", "http_accept": "text/html,application/xhtml+xml,application/xml;q=0.9,image/avif,image/webp,image/apng,*/*;q=0.8,application/signed-exchange;v=b3;q=0.7", "path_info": "/admin/login/", "attempt_time": "2025-10-20T22:56:41.300Z", "logout_time": null, "session_hash": "64656b6db234c99a612f8de2a4510f7a569a31a8c1ad64c10c1c2fffa7815c00"}}]